date,is_school_term,is_exam_period,term_number,days_until_term_end,days_since_term_start,is_school_holiday_official
2019-05-01,1,0,2,44,29,0
2019-05-02,1,0,2,43,30,0
2019-05-03,1,0,2,42,31,0
2019-05-04,1,0,2,41,32,0
2019-05-05,1,0,2,40,33,0
2019-05-06,1,0,2,39,34,0
2019-05-07,1,0,2,38,35,0
2019-05-08,1,0,2,37,36,0
2019-05-09,1,0,2,36,37,0
2019-05-10,1,0,2,35,38,0
2019-05-11,1,0,2,34,39,0
2019-05-12,1,0,2,33,40,0
2019-05-13,1,0,2,32,41,0
2019-05-14,1,0,2,31,42,0
2019-05-15,1,0,2,30,43,0
2019-05-16,1,0,2,29,44,0
2019-05-17,1,0,2,28,45,0
2019-05-18,1,0,2,27,46,0
2019-05-19,1,0,2,26,47,0
2019-05-20,1,0,2,25,48,0
2019-05-21,1,0,2,24,49,0
2019-05-22,1,0,2,23,50,0
2019-05-23,1,0,2,22,51,0
2019-05-24,1,0,2,21,52,0
2019-05-25,1,1,2,20,53,0
2019-05-26,1,1,2,19,54,0
2019-05-27,1,1,2,18,55,0
2019-05-28,1,1,2,17,56,0
2019-05-29,1,1,2,16,57,0
2019-05-30,1,1,2,15,58,0
2019-05-31,1,1,2,14,59,0
2019-06-01,1,1,2,13,60,0
2019-06-02,1,1,2,12,61,0
2019-06-03,1,1,2,11,62,0
2019-06-04,1,1,2,10,63,0
2019-06-05,1,1,2,9,64,0
2019-06-06,1,1,2,8,65,0
2019-06-07,1,1,2,7,66,0
2019-06-08,1,1,2,6,67,0
2019-06-09,1,1,2,5,68,0
2019-06-10,1,1,2,4,69,0
2019-06-11,1,1,2,3,70,0
2019-06-12,1,1,2,2,71,0
2019-06-13,1,1,2,1,72,0
2019-06-14,1,1,2,0,73,0
2019-06-15,0,0,0,-1,-1,1
2019-06-16,0,0,0,-1,-1,1
2019-06-17,0,0,0,-1,-1,1
2019-06-18,0,0,0,-1,-1,1
2019-06-19,0,0,0,-1,-1,1
2019-06-20,0,0,0,-1,-1,1
2019-06-21,0,0,0,-1,-1,1
2019-06-22,0,0,0,-1,-1,1
2019-06-23,0,0,0,-1,-1,1
2019-06-24,0,0,0,-1,-1,1
2019-06-25,0,0,0,-1,-1,1
2019-06-26,0,0,0,-1,-1,1
2019-06-27,0,0,0,-1,-1,1
2019-06-28,0,0,0,-1,-1,1
2019-06-29,0,0,0,-1,-1,1
2019-06-30,0,0,0,-1,-1,1
2019-07-01,0,0,0,-1,-1,1
2019-07-02,0,0,0,-1,-1,1
2019-07-03,0,0,0,-1,-1,1
2019-07-04,0,0,0,-1,-1,1
2019-07-05,0,0,0,-1,-1,1
2019-07-06,0,0,0,-1,-1,1
2019-07-07,0,0,0,-1,-1,1
2019-07-08,0,0,0,-1,-1,1
2019-07-09,1,0,3,73,0,0
2019-07-10,1,0,3,72,1,0
2019-07-11,1,0,3,71,2,0
2019-07-12,1,0,3,70,3,0
2019-07-13,1,0,3,69,4,0
2019-07-14,1,0,3,68,5,0
2019-07-15,1,0,3,67,6,0
2019-07-16,1,0,3,66,7,0
2019-07-17,1,0,3,65,8,0
2019-07-18,1,0,3,64,9,0
2019-07-19,1,0,3,63,10,0
2019-07-20,1,0,3,62,11,0
2019-07-21,1,0,3,61,12,0
2019-07-22,1,0,3,60,13,0
2019-07-23,1,0,3,59,14,0
2019-07-24,1,0,3,58,15,0
2019-07-25,1,0,3,57,16,0
2019-07-26,1,0,3,56,17,0
2019-07-27,1,0,3,55,18,0
2019-07-28,1,0,3,54,19,0
2019-07-29,1,0,3,53,20,0
2019-07-30,1,0,3,52,21,0
2019-07-31,1,0,3,51,22,0
2019-08-01,1,0,3,50,23,0
2019-08-02,1,0,3,49,24,0
2019-08-03,1,0,3,48,25,0
2019-08-04,1,0,3,47,26,0
2019-08-05,1,0,3,46,27,0
2019-08-06,1,0,3,45,28,0
2019-08-07,1,0,3,44,29,0
2019-08-08,1,0,3,43,30,0
2019-08-09,1,0,3,42,31,0
2019-08-10,1,0,3,41,32,0
2019-08-11,1,0,3,40,33,0
2019-08-12,1,0,3,39,34,0
2019-08-13,1,0,3,38,35,0
2019-08-14,1,0,3,37,36,0
2019-08-15,1,0,3,36,37,0
2019-08-16,1,0,3,35,38,0
2019-08-17,1,0,3,34,39,0
2019-08-18,1,0,3,33,40,0
2019-08-19,1,0,3,32,41,0
2019-08-20,1,0,3,31,42,0
2019-08-21,1,0,3,30,43,0
2019-08-22,1,0,3,29,44,0
2019-08-23,1,0,3,28,45,0
2019-08-24,1,0,3,27,46,0
2019-08-25,1,0,3,26,47,0
2019-08-26,1,0,3,25,48,0
2019-08-27,1,0,3,24,49,0
2019-08-28,1,0,3,23,50,0
2019-08-29,1,0,3,22,51,0
2019-08-30,1,0,3,21,52,0
2019-08-31,1,1,3,20,53,0
2019-09-01,1,1,3,19,54,0
2019-09-02,1,1,3,18,55,0
2019-09-03,1,1,3,17,56,0
2019-09-04,1,1,3,16,57,0
2019-09-05,1,1,3,15,58,0
2019-09-06,1,1,3,14,59,0
2019-09-07,1,1,3,13,60,0
2019-09-08,1,1,3,12,61,0
2019-09-09,1,1,3,11,62,0
2019-09-10,1,1,3,10,63,0
2019-09-11,1,1,3,9,64,0
2019-09-12,1,1,3,8,65,0
2019-09-13,1,1,3,7,66,0
2019-09-14,1,1,3,6,67,0
2019-09-15,1,1,3,5,68,0
2019-09-16,1,1,3,4,69,0
2019-09-17,1,1,3,3,70,0
2019-09-18,1,1,3,2,71,0
2019-09-19,1,1,3,1,72,0
2019-09-20,1,1,3,0,73,0
2019-09-21,0,0,0,-1,-1,1
2019-09-22,0,0,0,-1,-1,1
2019-09-23,0,0,0,-1,-1,1
2019-09-24,0,0,0,-1,-1,1
2019-09-25,0,0,0,-1,-1,1
2019-09-26,0,0,0,-1,-1,1
2019-09-27,0,0,0,-1,-1,1
2019-09-28,0,0,0,-1,-1,1
2019-09-29,0,0,0,-1,-1,1
2019-09-30,0,0,0,-1,-1,1
2019-10-01,1,0,4,64,0,0
2019-10-02,1,0,4,63,1,0
2019-10-03,1,0,4,62,2,0
2019-10-04,1,0,4,61,3,0
2019-10-05,1,0,4,60,4,0
2019-10-06,1,0,4,59,5,0
2019-10-07,1,0,4,58,6,0
2019-10-08,1,0,4,57,7,0
2019-10-09,1,0,4,56,8,0
2019-10-10,1,0,4,55,9,0
2019-10-11,1,0,4,54,10,0
2019-10-12,1,0,4,53,11,0
2019-10-13,1,0,4,52,12,0
2019-10-14,1,0,4,51,13,0
2019-10-15,1,0,4,50,14,0
2019-10-16,1,0,4,49,15,0
2019-10-17,1,0,4,48,16,0
2019-10-18,1,0,4,47,17,0
2019-10-19,1,0,4,46,18,0
2019-10-20,1,0,4,45,19,0
2019-10-21,1,0,4,44,20,0
2019-10-22,1,0,4,43,21,0
2019-10-23,1,0,4,42,22,0
2019-10-24,1,0,4,41,23,0
2019-10-25,1,0,4,40,24,0
2019-10-26,1,0,4,39,25,0
2019-10-27,1,0,4,38,26,0
2019-10-28,1,0,4,37,27,0
2019-10-29,1,0,4,36,28,0
2019-10-30,1,0,4,35,29,0
2019-10-31,1,0,4,34,30,0
2019-11-01,1,0,4,33,31,0
2019-11-02,1,0,4,32,32,0
2019-11-03,1,0,4,31,33,0
2019-11-04,1,0,4,30,34,0
2019-11-05,1,0,4,29,35,0
2019-11-06,1,0,4,28,36,0
2019-11-07,1,0,4,27,37,0
2019-11-08,1,0,4,26,38,0
2019-11-09,1,0,4,25,39,0
2019-11-10,1,0,4,24,40,0
2019-11-11,1,0,4,23,41,0
2019-11-12,1,0,4,22,42,0
2019-11-13,1,0,4,21,43,0
2019-11-14,1,1,4,20,44,0
2019-11-15,1,1,4,19,45,0
2019-11-16,1,1,4,18,46,0
2019-11-17,1,1,4,17,47,0
2019-11-18,1,1,4,16,48,0
2019-11-19,1,1,4,15,49,0
2019-11-20,1,1,4,14,50,0
2019-11-21,1,1,4,13,51,0
2019-11-22,1,1,4,12,52,0
2019-11-23,1,1,4,11,53,0
2019-11-24,1,1,4,10,54,0
2019-11-25,1,1,4,9,55,0
2019-11-26,1,1,4,8,56,0
2019-11-27,1,1,4,7,57,0
2019-11-28,1,1,4,6,58,0
2019-11-29,1,1,4,5,59,0
2019-11-30,1,1,4,4,60,0
2019-12-01,1,1,4,3,61,0
2019-12-02,1,1,4,2,62,0
2019-12-03,1,1,4,1,63,0
2019-12-04,1,1,4,0,64,0
2019-12-05,0,0,0,-1,-1,1
2019-12-06,0,0,0,-1,-1,1
2019-12-07,0,0,0,-1,-1,1
2019-12-08,0,0,0,-1,-1,1
2019-12-09,0,0,0,-1,-1,1
2019-12-10,0,0,0,-1,-1,1
2019-12-11,0,0,0,-1,-1,1
2019-12-12,0,0,0,-1,-1,1
2019-12-13,0,0,0,-1,-1,1
2019-12-14,0,0,0,-1,-1,1
2019-12-15,0,0,0,-1,-1,1
2019-12-16,0,0,0,-1,-1,1
2019-12-17,0,0,0,-1,-1,1
2019-12-18,0,0,0,-1,-1,1
2019-12-19,0,0,0,-1,-1,1
2019-12-20,0,0,0,-1,-1,1
2019-12-21,0,0,0,-1,-1,1
2019-12-22,0,0,0,-1,-1,1
2019-12-23,0,0,0,-1,-1,1
2019-12-24,0,0,0,-1,-1,1
2019-12-25,0,0,0,-1,-1,1
2019-12-26,0,0,0,-1,-1,1
2019-12-27,0,0,0,-1,-1,1
2019-12-28,0,0,0,-1,-1,1
2019-12-29,0,0,0,-1,-1,1
2019-12-30,0,0,0,-1,-1,1
2019-12-31,0,0,0,-1,-1,1
2020-01-01,0,0,0,-1,-1,1
2020-01-02,0,0,0,-1,-1,1
2020-01-03,0,0,0,-1,-1,1
2020-01-04,0,0,0,-1,-1,1
2020-01-05,0,0,0,-1,-1,1
2020-01-06,0,0,0,-1,-1,1
2020-01-07,0,0,0,-1,-1,1
2020-01-08,0,0,0,-1,-1,1
2020-01-09,0,0,0,-1,-1,1
2020-01-10,0,0,0,-1,-1,1
2020-01-11,0,0,0,-1,-1,1
2020-01-12,0,0,0,-1,-1,1
2020-01-13,0,0,0,-1,-1,1
2020-01-14,0,0,0,-1,-1,1
2020-01-15,1,0,1,63,0,0
2020-01-16,1,0,1,62,1,0
2020-01-17,1,0,1,61,2,0
2020-01-18,1,0,1,60,3,0
2020-01-19,1,0,1,59,4,0
2020-01-20,1,0,1,58,5,0
2020-01-21,1,0,1,57,6,0
2020-01-22,1,0,1,56,7,0
2020-01-23,1,0,1,55,8,0
2020-01-24,1,0,1,54,9,0
2020-01-25,1,0,1,53,10,0
2020-01-26,1,0,1,52,11,0
2020-01-27,1,0,1,51,12,0
2020-01-28,1,0,1,50,13,0
2020-01-29,1,0,1,49,14,0
2020-01-30,1,0,1,48,15,0
2020-01-31,1,0,1,47,16,0
2020-02-01,1,0,1,46,17,0
2020-02-02,1,0,1,45,18,0
2020-02-03,1,0,1,44,19,0
2020-02-04,1,0,1,43,20,0
2020-02-05,1,0,1,42,21,0
2020-02-06,1,0,1,41,22,0
2020-02-07,1,0,1,40,23,0
2020-02-08,1,0,1,39,24,0
2020-02-09,1,0,1,38,25,0
2020-02-10,1,0,1,37,26,0
2020-02-11,1,0,1,36,27,0
2020-02-12,1,0,1,35,28,0
2020-02-13,1,0,1,34,29,0
2020-02-14,1,0,1,33,30,0
2020-02-15,1,0,1,32,31,0
2020-02-16,1,0,1,31,32,0
2020-02-17,1,0,1,30,33,0
2020-02-18,1,0,1,29,34,0
2020-02-19,1,0,1,28,35,0
2020-02-20,1,0,1,27,36,0
2020-02-21,1,0,1,26,37,0
2020-02-22,1,0,1,25,38,0
2020-02-23,1,0,1,24,39,0
2020-02-24,1,0,1,23,40,0
2020-02-25,1,0,1,22,41,0
2020-02-26,1,0,1,21,42,0
2020-02-27,1,1,1,20,43,0
2020-02-28,1,1,1,19,44,0
2020-02-29,1,1,1,18,45,0
2020-03-01,1,1,1,17,46,0
2020-03-02,1,1,1,16,47,0
2020-03-03,1,1,1,15,48,0
2020-03-04,1,1,1,14,49,0
2020-03-05,1,1,1,13,50,0
2020-03-06,1,1,1,12,51,0
2020-03-07,1,1,1,11,52,0
2020-03-08,1,1,1,10,53,0
2020-03-09,1,1,1,9,54,0
2020-03-10,1,1,1,8,55,0
2020-03-11,1,1,1,7,56,0
2020-03-12,1,1,1,6,57,0
2020-03-13,1,1,1,5,58,0
2020-03-14,1,1,1,4,59,0
2020-03-15,1,1,1,3,60,0
2020-03-16,1,1,1,2,61,0
2020-03-17,1,1,1,1,62,0
2020-03-18,1,1,1,0,63,0
2020-03-19,0,0,0,-1,-1,1
2020-03-20,0,0,0,-1,-1,1
2020-03-21,0,0,0,-1,-1,1
2020-03-22,0,0,0,-1,-1,1
2020-03-23,0,0,0,-1,-1,1
2020-03-24,0,0,0,-1,-1,1
2020-03-25,0,0,0,-1,-1,1
2020-03-26,0,0,0,-1,-1,1
2020-03-27,0,0,0,-1,-1,1
2020-03-28,0,0,0,-1,-1,1
2020-03-29,0,0,0,-1,-1,1
2020-03-30,0,0,0,-1,-1,1
2020-03-31,0,0,0,-1,-1,1
2020-04-01,0,0,0,-1,-1,1
2020-04-02,0,0,0,-1,-1,1
2020-04-03,0,0,0,-1,-1,1
2020-04-04,0,0,0,-1,-1,1
2020-04-05,0,0,0,-1,-1,1
2020-04-06,0,0,0,-1,-1,1
2020-04-07,0,0,0,-1,-1,1
2020-04-08,0,0,0,-1,-1,1
2020-04-09,0,0,0,-1,-1,1
2020-04-10,0,0,0,-1,-1,1
2020-04-11,0,0,0,-1,-1,1
2020-04-12,0,0,0,-1,-1,1
2020-04-13,0,0,0,-1,-1,1
2020-04-14,0,0,0,-1,-1,1
2020-04-15,0,0,0,-1,-1,1
2020-04-16,0,0,0,-1,-1,1
2020-04-17,0,0,0,-1,-1,1
2020-04-18,0,0,0,-1,-1,1
2020-04-19,0,0,0,-1,-1,1
2020-04-20,0,0,0,-1,-1,1
2020-04-21,0,0,0,-1,-1,1
2020-04-22,0,0,0,-1,-1,1
2020-04-23,0,0,0,-1,-1,1
2020-04-24,0,0,0,-1,-1,1
2020-04-25,0,0,0,-1,-1,1
2020-04-26,0,0,0,-1,-1,1
2020-04-27,0,0,0,-1,-1,1
2020-04-28,0,0,0,-1,-1,1
2020-04-29,0,0,0,-1,-1,1
2020-04-30,0,0,0,-1,-1,1
2020-05-01,0,0,0,-1,-1,1
2020-05-02,0,0,0,-1,-1,1
2020-05-03,0,0,0,-1,-1,1
2020-05-04,0,0,0,-1,-1,1
2020-05-05,0,0,0,-1,-1,1
2020-05-06,0,0,0,-1,-1,1
2020-05-07,0,0,0,-1,-1,1
2020-05-08,0,0,0,-1,-1,1
2020-05-09,0,0,0,-1,-1,1
2020-05-10,0,0,0,-1,-1,1
2020-05-11,0,0,0,-1,-1,1
2020-05-12,0,0,0,-1,-1,1
2020-05-13,0,0,0,-1,-1,1
2020-05-14,0,0,0,-1,-1,1
2020-05-15,0,0,0,-1,-1,1
2020-05-16,0,0,0,-1,-1,1
2020-05-17,0,0,0,-1,-1,1
2020-05-18,0,0,0,-1,-1,1
2020-05-19,0,0,0,-1,-1,1
2020-05-20,0,0,0,-1,-1,1
2020-05-21,0,0,0,-1,-1,1
2020-05-22,0,0,0,-1,-1,1
2020-05-23,0,0,0,-1,-1,1
2020-05-24,0,0,0,-1,-1,1
2020-05-25,0,0,0,-1,-1,1
2020-05-26,0,0,0,-1,-1,1
2020-05-27,0,0,0,-1,-1,1
2020-05-28,0,0,0,-1,-1,1
2020-05-29,0,0,0,-1,-1,1
2020-05-30,0,0,0,-1,-1,1
2020-05-31,0,0,0,-1,-1,1
2020-06-01,0,0,0,-1,-1,1
2020-06-02,0,0,0,-1,-1,1
2020-06-03,0,0,0,-1,-1,1
2020-06-04,0,0,0,-1,-1,1
2020-06-05,0,0,0,-1,-1,1
2020-06-06,0,0,0,-1,-1,1
2020-06-07,0,0,0,-1,-1,1
2020-06-08,1,0,2,57,0,0
2020-06-09,1,0,2,56,1,0
2020-06-10,1,0,2,55,2,0
2020-06-11,1,0,2,54,3,0
2020-06-12,1,0,2,53,4,0
2020-06-13,1,0,2,52,5,0
2020-06-14,1,0,2,51,6,0
2020-06-15,1,0,2,50,7,0
2020-06-16,1,0,2,49,8,0
2020-06-17,1,0,2,48,9,0
2020-06-18,1,0,2,47,10,0
2020-06-19,1,0,2,46,11,0
2020-06-20,1,0,2,45,12,0
2020-06-21,1,0,2,44,13,0
2020-06-22,1,0,2,43,14,0
2020-06-23,1,0,2,42,15,0
2020-06-24,1,0,2,41,16,0
2020-06-25,1,0,2,40,17,0
2020-06-26,1,0,2,39,18,0
2020-06-27,1,0,2,38,19,0
2020-06-28,1,0,2,37,20,0
2020-06-29,1,0,2,36,21,0
2020-06-30,1,0,2,35,22,0
2020-07-01,1,0,2,34,23,0
2020-07-02,1,0,2,33,24,0
2020-07-03,1,0,2,32,25,0
2020-07-04,1,0,2,31,26,0
2020-07-05,1,0,2,30,27,0
2020-07-06,1,0,2,29,28,0
2020-07-07,1,0,2,28,29,0
2020-07-08,1,0,2,27,30,0
2020-07-09,1,0,2,26,31,0
2020-07-10,1,0,2,25,32,0
2020-07-11,1,0,2,24,33,0
2020-07-12,1,0,2,23,34,0
2020-07-13,1,0,2,22,35,0
2020-07-14,1,0,2,21,36,0
2020-07-15,1,1,2,20,37,0
2020-07-16,1,1,2,19,38,0
2020-07-17,1,1,2,18,39,0
2020-07-18,1,1,2,17,40,0
2020-07-19,1,1,2,16,41,0
2020-07-20,1,1,2,15,42,0
2020-07-21,1,1,2,14,43,0
2020-07-22,1,1,2,13,44,0
2020-07-23,1,1,2,12,45,0
2020-07-24,1,1,2,11,46,0
2020-07-25,1,1,2,10,47,0
2020-07-26,1,1,2,9,48,0
2020-07-27,1,1,2,8,49,0
2020-07-28,1,1,2,7,50,0
2020-07-29,1,1,2,6,51,0
2020-07-30,1,1,2,5,52,0
2020-07-31,1,1,2,4,53,0
2020-08-01,1,1,2,3,54,0
2020-08-02,1,1,2,2,55,0
2020-08-03,1,1,2,1,56,0
2020-08-04,1,1,2,0,57,0
2020-08-05,0,0,0,-1,-1,1
2020-08-06,0,0,0,-1,-1,1
2020-08-07,0,0,0,-1,-1,1
2020-08-08,0,0,0,-1,-1,1
2020-08-09,0,0,0,-1,-1,1
2020-08-10,0,0,0,-1,-1,1
2020-08-11,0,0,0,-1,-1,1
2020-08-12,0,0,0,-1,-1,1
2020-08-13,0,0,0,-1,-1,1
2020-08-14,0,0,0,-1,-1,1
2020-08-15,0,0,0,-1,-1,1
2020-08-16,0,0,0,-1,-1,1
2020-08-17,0,0,0,-1,-1,1
2020-08-18,0,0,0,-1,-1,1
2020-08-19,0,0,0,-1,-1,1
2020-08-20,0,0,0,-1,-1,1
2020-08-21,0,0,0,-1,-1,1
2020-08-22,0,0,0,-1,-1,1
2020-08-23,0,0,0,-1,-1,1
2020-08-24,1,0,3,60,0,0
2020-08-25,1,0,3,59,1,0
2020-08-26,1,0,3,58,2,0
2020-08-27,1,0,3,57,3,0
2020-08-28,1,0,3,56,4,0
2020-08-29,1,0,3,55,5,0
2020-08-30,1,0,3,54,6,0
2020-08-31,1,0,3,53,7,0
2020-09-01,1,0,3,52,8,0
2020-09-02,1,0,3,51,9,0
2020-09-03,1,0,3,50,10,0
2020-09-04,1,0,3,49,11,0
2020-09-05,1,0,3,48,12,0
2020-09-06,1,0,3,47,13,0
2020-09-07,1,0,3,46,14,0
2020-09-08,1,0,3,45,15,0
2020-09-09,1,0,3,44,16,0
2020-09-10,1,0,3,43,17,0
2020-09-11,1,0,3,42,18,0
2020-09-12,1,0,3,41,19,0
2020-09-13,1,0,3,40,20,0
2020-09-14,1,0,3,39,21,0
2020-09-15,1,0,3,38,22,0
2020-09-16,1,0,3,37,23,0
2020-09-17,1,0,3,36,24,0
2020-09-18,1,0,3,35,25,0
2020-09-19,1,0,3,34,26,0
2020-09-20,1,0,3,33,27,0
2020-09-21,1,0,3,32,28,0
2020-09-22,1,0,3,31,29,0
2020-09-23,1,0,3,30,30,0
2020-09-24,1,0,3,29,31,0
2020-09-25,1,0,3,28,32,0
2020-09-26,1,0,3,27,33,0
2020-09-27,1,0,3,26,34,0
2020-09-28,1,0,3,25,35,0
2020-09-29,1,0,3,24,36,0
2020-09-30,1,0,3,23,37,0
2020-10-01,1,0,3,22,38,0
2020-10-02,1,0,3,21,39,0
2020-10-03,1,1,3,20,40,0
2020-10-04,1,1,3,19,41,0
2020-10-05,1,1,3,18,42,0
2020-10-06,1,1,3,17,43,0
2020-10-07,1,1,3,16,44,0
2020-10-08,1,1,3,15,45,0
2020-10-09,1,1,3,14,46,0
2020-10-10,1,1,3,13,47,0
2020-10-11,1,1,3,12,48,0
2020-10-12,1,1,3,11,49,0
2020-10-13,1,1,3,10,50,0
2020-10-14,1,1,3,9,51,0
2020-10-15,1,1,3,8,52,0
2020-10-16,1,1,3,7,53,0
2020-10-17,1,1,3,6,54,0
2020-10-18,1,1,3,5,55,0
2020-10-19,1,1,3,4,56,0
2020-10-20,1,1,3,3,57,0
2020-10-21,1,1,3,2,58,0
2020-10-22,1,1,3,1,59,0
2020-10-23,1,1,3,0,60,0
2020-10-24,0,0,0,-1,-1,1
2020-10-25,0,0,0,-1,-1,1
2020-10-26,0,0,0,-1,-1,1
2020-10-27,0,0,0,-1,-1,1
2020-10-28,0,0,0,-1,-1,1
2020-10-29,0,0,0,-1,-1,1
2020-10-30,0,0,0,-1,-1,1
2020-10-31,0,0,0,-1,-1,1
2020-11-01,0,0,0,-1,-1,1
2020-11-02,1,0,4,43,0,0
2020-11-03,1,0,4,42,1,0
2020-11-04,1,0,4,41,2,0
2020-11-05,1,0,4,40,3,0
2020-11-06,1,0,4,39,4,0
2020-11-07,1,0,4,38,5,0
2020-11-08,1,0,4,37,6,0
2020-11-09,1,0,4,36,7,0
2020-11-10,1,0,4,35,8,0
2020-11-11,1,0,4,34,9,0
2020-11-12,1,0,4,33,10,0
2020-11-13,1,0,4,32,11,0
2020-11-14,1,0,4,31,12,0
2020-11-15,1,0,4,30,13,0
2020-11-16,1,0,4,29,14,0
2020-11-17,1,0,4,28,15,0
2020-11-18,1,0,4,27,16,0
2020-11-19,1,0,4,26,17,0
2020-11-20,1,0,4,25,18,0
2020-11-21,1,0,4,24,19,0
2020-11-22,1,0,4,23,20,0
2020-11-23,1,0,4,22,21,0
2020-11-24,1,0,4,21,22,0
2020-11-25,1,1,4,20,23,0
2020-11-26,1,1,4,19,24,0
2020-11-27,1,1,4,18,25,0
2020-11-28,1,1,4,17,26,0
2020-11-29,1,1,4,16,27,0
2020-11-30,1,1,4,15,28,0
2020-12-01,1,1,4,14,29,0
2020-12-02,1,1,4,13,30,0
2020-12-03,1,1,4,12,31,0
2020-12-04,1,1,4,11,32,0
2020-12-05,1,1,4,10,33,0
2020-12-06,1,1,4,9,34,0
2020-12-07,1,1,4,8,35,0
2020-12-08,1,1,4,7,36,0
2020-12-09,1,1,4,6,37,0
2020-12-10,1,1,4,5,38,0
2020-12-11,1,1,4,4,39,0
2020-12-12,1,1,4,3,40,0
2020-12-13,1,1,4,2,41,0
2020-12-14,1,1,4,1,42,0
2020-12-15,1,1,4,0,43,0
2020-12-16,0,0,0,-1,-1,1
2020-12-17,0,0,0,-1,-1,1
2020-12-18,0,0,0,-1,-1,1
2020-12-19,0,0,0,-1,-1,1
2020-12-20,0,0,0,-1,-1,1
2020-12-21,0,0,0,-1,-1,1
2020-12-22,0,0,0,-1,-1,1
2020-12-23,0,0,0,-1,-1,1
2020-12-24,0,0,0,-1,-1,1
2020-12-25,0,0,0,-1,-1,1
2020-12-26,0,0,0,-1,-1,1
2020-12-27,0,0,0,-1,-1,1
2020-12-28,0,0,0,-1,-1,1
2020-12-29,0,0,0,-1,-1,1
2020-12-30,0,0,0,-1,-1,1
2020-12-31,0,0,0,-1,-1,1
2021-01-01,0,0,0,-1,-1,1
2021-01-02,0,0,0,-1,-1,1
2021-01-03,0,0,0,-1,-1,1
2021-01-04,0,0,0,-1,-1,1
2021-01-05,0,0,0,-1,-1,1
2021-01-06,0,0,0,-1,-1,1
2021-01-07,0,0,0,-1,-1,1
2021-01-08,0,0,0,-1,-1,1
2021-01-09,0,0,0,-1,-1,1
2021-01-10,0,0,0,-1,-1,1
2021-01-11,0,0,0,-1,-1,1
2021-01-12,0,0,0,-1,-1,1
2021-01-13,0,0,0,-1,-1,1
2021-01-14,0,0,0,-1,-1,1
2021-01-15,0,0,0,-1,-1,1
2021-01-16,0,0,0,-1,-1,1
2021-01-17,0,0,0,-1,-1,1
2021-01-18,0,0,0,-1,-1,1
2021-01-19,0,0,0,-1,-1,1
2021-01-20,0,0,0,-1,-1,1
2021-01-21,0,0,0,-1,-1,1
2021-01-22,0,0,0,-1,-1,1
2021-01-23,0,0,0,-1,-1,1
2021-01-24,0,0,0,-1,-1,1
2021-01-25,0,0,0,-1,-1,1
2021-01-26,0,0,0,-1,-1,1
2021-01-27,0,0,0,-1,-1,1
2021-01-28,0,0,0,-1,-1,1
2021-01-29,0,0,0,-1,-1,1
2021-01-30,0,0,0,-1,-1,1
2021-01-31,0,0,0,-1,-1,1
2021-02-01,0,0,0,-1,-1,1
2021-02-02,0,0,0,-1,-1,1
2021-02-03,0,0,0,-1,-1,1
2021-02-04,0,0,0,-1,-1,1
2021-02-05,0,0,0,-1,-1,1
2021-02-06,0,0,0,-1,-1,1
2021-02-07,0,0,0,-1,-1,1
2021-02-08,0,0,0,-1,-1,1
2021-02-09,0,0,0,-1,-1,1
2021-02-10,0,0,0,-1,-1,1
2021-02-11,0,0,0,-1,-1,1
2021-02-12,0,0,0,-1,-1,1
2021-02-13,0,0,0,-1,-1,1
2021-02-14,0,0,0,-1,-1,1
2021-02-15,1,0,1,67,0,0
2021-02-16,1,0,1,66,1,0
2021-02-17,1,0,1,65,2,0
2021-02-18,1,0,1,64,3,0
2021-02-19,1,0,1,63,4,0
2021-02-20,1,0,1,62,5,0
2021-02-21,1,0,1,61,6,0
2021-02-22,1,0,1,60,7,0
2021-02-23,1,0,1,59,8,0
2021-02-24,1,0,1,58,9,0
2021-02-25,1,0,1,57,10,0
2021-02-26,1,0,1,56,11,0
2021-02-27,1,0,1,55,12,0
2021-02-28,1,0,1,54,13,0
2021-03-01,1,0,1,53,14,0
2021-03-02,1,0,1,52,15,0
2021-03-03,1,0,1,51,16,0
2021-03-04,1,0,1,50,17,0
2021-03-05,1,0,1,49,18,0
2021-03-06,1,0,1,48,19,0
2021-03-07,1,0,1,47,20,0
2021-03-08,1,0,1,46,21,0
2021-03-09,1,0,1,45,22,0
2021-03-10,1,0,1,44,23,0
2021-03-11,1,0,1,43,24,0
2021-03-12,1,0,1,42,25,0
2021-03-13,1,0,1,41,26,0
2021-03-14,1,0,1,40,27,0
2021-03-15,1,0,1,39,28,0
2021-03-16,1,0,1,38,29,0
2021-03-17,1,0,1,37,30,0
2021-03-18,1,0,1,36,31,0
2021-03-19,1,0,1,35,32,0
2021-03-20,1,0,1,34,33,0
2021-03-21,1,0,1,33,34,0
2021-03-22,1,0,1,32,35,0
2021-03-23,1,0,1,31,36,0
2021-03-24,1,0,1,30,37,0
2021-03-25,1,0,1,29,38,0
2021-03-26,1,0,1,28,39,0
2021-03-27,1,0,1,27,40,0
2021-03-28,1,0,1,26,41,0
2021-03-29,1,0,1,25,42,0
2021-03-30,1,0,1,24,43,0
2021-03-31,1,0,1,23,44,0
2021-04-01,1,0,1,22,45,0
2021-04-02,1,0,1,21,46,0
2021-04-03,1,1,1,20,47,0
2021-04-04,1,1,1,19,48,0
2021-04-05,1,1,1,18,49,0
2021-04-06,1,1,1,17,50,0
2021-04-07,1,1,1,16,51,0
2021-04-08,1,1,1,15,52,0
2021-04-09,1,1,1,14,53,0
2021-04-10,1,1,1,13,54,0
2021-04-11,1,1,1,12,55,0
2021-04-12,1,1,1,11,56,0
2021-04-13,1,1,1,10,57,0
2021-04-14,1,1,1,9,58,0
2021-04-15,1,1,1,8,59,0
2021-04-16,1,1,1,7,60,0
2021-04-17,1,1,1,6,61,0
2021-04-18,1,1,1,5,62,0
2021-04-19,1,1,1,4,63,0
2021-04-20,1,1,1,3,64,0
2021-04-21,1,1,1,2,65,0
2021-04-22,1,1,1,1,66,0
2021-04-23,1,1,1,0,67,0
2021-04-24,0,0,0,-1,-1,1
2021-04-25,0,0,0,-1,-1,1
2021-04-26,0,0,0,-1,-1,1
2021-04-27,0,0,0,-1,-1,1
2021-04-28,0,0,0,-1,-1,1
2021-04-29,0,0,0,-1,-1,1
2021-04-30,0,0,0,-1,-1,1
2021-05-01,0,0,0,-1,-1,1
2021-05-02,0,0,0,-1,-1,1
2021-05-03,1,0,2,67,0,0
2021-05-04,1,0,2,66,1,0
2021-05-05,1,0,2,65,2,0
2021-05-06,1,0,2,64,3,0
2021-05-07,1,0,2,63,4,0
2021-05-08,1,0,2,62,5,0
2021-05-09,1,0,2,61,6,0
2021-05-10,1,0,2,60,7,0
2021-05-11,1,0,2,59,8,0
2021-05-12,1,0,2,58,9,0
2021-05-13,1,0,2,57,10,0
2021-05-14,1,0,2,56,11,0
2021-05-15,1,0,2,55,12,0
2021-05-16,1,0,2,54,13,0
2021-05-17,1,0,2,53,14,0
2021-05-18,1,0,2,52,15,0
2021-05-19,1,0,2,51,16,0
2021-05-20,1,0,2,50,17,0
2021-05-21,1,0,2,49,18,0
2021-05-22,1,0,2,48,19,0
2021-05-23,1,0,2,47,20,0
2021-05-24,1,0,2,46,21,0
2021-05-25,1,0,2,45,22,0
2021-05-26,1,0,2,44,23,0
2021-05-27,1,0,2,43,24,0
2021-05-28,1,0,2,42,25,0
2021-05-29,1,0,2,41,26,0
2021-05-30,1,0,2,40,27,0
2021-05-31,1,0,2,39,28,0
2021-06-01,1,0,2,38,29,0
2021-06-02,1,0,2,37,30,0
2021-06-03,1,0,2,36,31,0
2021-06-04,1,0,2,35,32,0
2021-06-05,1,0,2,34,33,0
2021-06-06,1,0,2,33,34,0
2021-06-07,1,0,2,32,35,0
2021-06-08,1,0,2,31,36,0
2021-06-09,1,0,2,30,37,0
2021-06-10,1,0,2,29,38,0
2021-06-11,1,0,2,28,39,0
2021-06-12,1,0,2,27,40,0
2021-06-13,1,0,2,26,41,0
2021-06-14,1,0,2,25,42,0
2021-06-15,1,0,2,24,43,0
2021-06-16,1,0,2,23,44,0
2021-06-17,1,0,2,22,45,0
2021-06-18,1,0,2,21,46,0
2021-06-19,1,1,2,20,47,0
2021-06-20,1,1,2,19,48,0
2021-06-21,1,1,2,18,49,0
2021-06-22,1,1,2,17,50,0
2021-06-23,1,1,2,16,51,0
2021-06-24,1,1,2,15,52,0
2021-06-25,1,1,2,14,53,0
2021-06-26,1,1,2,13,54,0
2021-06-27,1,1,2,12,55,0
2021-06-28,1,1,2,11,56,0
2021-06-29,1,1,2,10,57,0
2021-06-30,1,1,2,9,58,0
2021-07-01,1,1,2,8,59,0
2021-07-02,1,1,2,7,60,0
2021-07-03,1,1,2,6,61,0
2021-07-04,1,1,2,5,62,0
2021-07-05,1,1,2,4,63,0
2021-07-06,1,1,2,3,64,0
2021-07-07,1,1,2,2,65,0
2021-07-08,1,1,2,1,66,0
2021-07-09,1,1,2,0,67,0
2021-07-10,0,0,0,-1,-1,1
2021-07-11,0,0,0,-1,-1,1
2021-07-12,0,0,0,-1,-1,1
2021-07-13,0,0,0,-1,-1,1
2021-07-14,0,0,0,-1,-1,1
2021-07-15,0,0,0,-1,-1,1
2021-07-16,0,0,0,-1,-1,1
2021-07-17,0,0,0,-1,-1,1
2021-07-18,0,0,0,-1,-1,1
2021-07-19,0,0,0,-1,-1,1
2021-07-20,0,0,0,-1,-1,1
2021-07-21,0,0,0,-1,-1,1
2021-07-22,0,0,0,-1,-1,1
2021-07-23,0,0,0,-1,-1,1
2021-07-24,0,0,0,-1,-1,1
2021-07-25,0,0,0,-1,-1,1
2021-07-26,1,0,3,67,0,0
2021-07-27,1,0,3,66,1,0
2021-07-28,1,0,3,65,2,0
2021-07-29,1,0,3,64,3,0
2021-07-30,1,0,3,63,4,0
2021-07-31,1,0,3,62,5,0
2021-08-01,1,0,3,61,6,0
2021-08-02,1,0,3,60,7,0
2021-08-03,1,0,3,59,8,0
2021-08-04,1,0,3,58,9,0
2021-08-05,1,0,3,57,10,0
2021-08-06,1,0,3,56,11,0
2021-08-07,1,0,3,55,12,0
2021-08-08,1,0,3,54,13,0
2021-08-09,1,0,3,53,14,0
2021-08-10,1,0,3,52,15,0
2021-08-11,1,0,3,51,16,0
2021-08-12,1,0,3,50,17,0
2021-08-13,1,0,3,49,18,0
2021-08-14,1,0,3,48,19,0
2021-08-15,1,0,3,47,20,0
2021-08-16,1,0,3,46,21,0
2021-08-17,1,0,3,45,22,0
2021-08-18,1,0,3,44,23,0
2021-08-19,1,0,3,43,24,0
2021-08-20,1,0,3,42,25,0
2021-08-21,1,0,3,41,26,0
2021-08-22,1,0,3,40,27,0
2021-08-23,1,0,3,39,28,0
2021-08-24,1,0,3,38,29,0
2021-08-25,1,0,3,37,30,0
2021-08-26,1,0,3,36,31,0
2021-08-27,1,0,3,35,32,0
2021-08-28,1,0,3,34,33,0
2021-08-29,1,0,3,33,34,0
2021-08-30,1,0,3,32,35,0
2021-08-31,1,0,3,31,36,0
2021-09-01,1,0,3,30,37,0
2021-09-02,1,0,3,29,38,0
2021-09-03,1,0,3,28,39,0
2021-09-04,1,0,3,27,40,0
2021-09-05,1,0,3,26,41,0
2021-09-06,1,0,3,25,42,0
2021-09-07,1,0,3,24,43,0
2021-09-08,1,0,3,23,44,0
2021-09-09,1,0,3,22,45,0
2021-09-10,1,0,3,21,46,0
2021-09-11,1,1,3,20,47,0
2021-09-12,1,1,3,19,48,0
2021-09-13,1,1,3,18,49,0
2021-09-14,1,1,3,17,50,0
2021-09-15,1,1,3,16,51,0
2021-09-16,1,1,3,15,52,0
2021-09-17,1,1,3,14,53,0
2021-09-18,1,1,3,13,54,0
2021-09-19,1,1,3,12,55,0
2021-09-20,1,1,3,11,56,0
2021-09-21,1,1,3,10,57,0
2021-09-22,1,1,3,9,58,0
2021-09-23,1,1,3,8,59,0
2021-09-24,1,1,3,7,60,0
2021-09-25,1,1,3,6,61,0
2021-09-26,1,1,3,5,62,0
2021-09-27,1,1,3,4,63,0
2021-09-28,1,1,3,3,64,0
2021-09-29,1,1,3,2,65,0
2021-09-30,1,1,3,1,66,0
2021-10-01,1,1,3,0,67,0
2021-10-02,0,0,0,-1,-1,1
2021-10-03,0,0,0,-1,-1,1
2021-10-04,0,0,0,-1,-1,1
2021-10-05,0,0,0,-1,-1,1
2021-10-06,0,0,0,-1,-1,1
2021-10-07,0,0,0,-1,-1,1
2021-10-08,0,0,0,-1,-1,1
2021-10-09,0,0,0,-1,-1,1
2021-10-10,0,0,0,-1,-1,1
2021-10-11,1,0,4,65,0,0
2021-10-12,1,0,4,64,1,0
2021-10-13,1,0,4,63,2,0
2021-10-14,1,0,4,62,3,0
2021-10-15,1,0,4,61,4,0
2021-10-16,1,0,4,60,5,0
2021-10-17,1,0,4,59,6,0
2021-10-18,1,0,4,58,7,0
2021-10-19,1,0,4,57,8,0
2021-10-20,1,0,4,56,9,0
2021-10-21,1,0,4,55,10,0
2021-10-22,1,0,4,54,11,0
2021-10-23,1,0,4,53,12,0
2021-10-24,1,0,4,52,13,0
2021-10-25,1,0,4,51,14,0
2021-10-26,1,0,4,50,15,0
2021-10-27,1,0,4,49,16,0
2021-10-28,1,0,4,48,17,0
2021-10-29,1,0,4,47,18,0
2021-10-30,1,0,4,46,19,0
2021-10-31,1,0,4,45,20,0
2021-11-01,1,0,4,44,21,0
2021-11-02,1,0,4,43,22,0
2021-11-03,1,0,4,42,23,0
2021-11-04,1,0,4,41,24,0
2021-11-05,1,0,4,40,25,0
2021-11-06,1,0,4,39,26,0
2021-11-07,1,0,4,38,27,0
2021-11-08,1,0,4,37,28,0
2021-11-09,1,0,4,36,29,0
2021-11-10,1,0,4,35,30,0
2021-11-11,1,0,4,34,31,0
2021-11-12,1,0,4,33,32,0
2021-11-13,1,0,4,32,33,0
2021-11-14,1,0,4,31,34,0
2021-11-15,1,0,4,30,35,0
2021-11-16,1,0,4,29,36,0
2021-11-17,1,0,4,28,37,0
2021-11-18,1,0,4,27,38,0
2021-11-19,1,0,4,26,39,0
2021-11-20,1,0,4,25,40,0
2021-11-21,1,0,4,24,41,0
2021-11-22,1,0,4,23,42,0
2021-11-23,1,0,4,22,43,0
2021-11-24,1,0,4,21,44,0
2021-11-25,1,1,4,20,45,0
2021-11-26,1,1,4,19,46,0
2021-11-27,1,1,4,18,47,0
2021-11-28,1,1,4,17,48,0
2021-11-29,1,1,4,16,49,0
2021-11-30,1,1,4,15,50,0
2021-12-01,1,1,4,14,51,0
2021-12-02,1,1,4,13,52,0
2021-12-03,1,1,4,12,53,0
2021-12-04,1,1,4,11,54,0
2021-12-05,1,1,4,10,55,0
2021-12-06,1,1,4,9,56,0
2021-12-07,1,1,4,8,57,0
2021-12-08,1,1,4,7,58,0
2021-12-09,1,1,4,6,59,0
2021-12-10,1,1,4,5,60,0
2021-12-11,1,1,4,4,61,0
2021-12-12,1,1,4,3,62,0
2021-12-13,1,1,4,2,63,0
2021-12-14,1,1,4,1,64,0
2021-12-15,1,1,4,0,65,0
2021-12-16,0,0,0,-1,-1,1
2021-12-17,0,0,0,-1,-1,1
2021-12-18,0,0,0,-1,-1,1
2021-12-19,0,0,0,-1,-1,1
2021-12-20,0,0,0,-1,-1,1
2021-12-21,0,0,0,-1,-1,1
2021-12-22,0,0,0,-1,-1,1
2021-12-23,0,0,0,-1,-1,1
2021-12-24,0,0,0,-1,-1,1
2021-12-25,0,0,0,-1,-1,1
2021-12-26,0,0,0,-1,-1,1
2021-12-27,0,0,0,-1,-1,1
2021-12-28,0,0,0,-1,-1,1
2021-12-29,0,0,0,-1,-1,1
2021-12-30,0,0,0,-1,-1,1
2021-12-31,0,0,0,-1,-1,1
2022-01-01,0,0,0,-1,-1,1
2022-01-02,0,0,0,-1,-1,1
2022-01-03,0,0,0,-1,-1,1
2022-01-04,0,0,0,-1,-1,1
2022-01-05,0,0,0,-1,-1,1
2022-01-06,0,0,0,-1,-1,1
2022-01-07,0,0,0,-1,-1,1
2022-01-08,0,0,0,-1,-1,1
2022-01-09,0,0,0,-1,-1,1
2022-01-10,0,0,0,-1,-1,1
2022-01-11,0,0,0,-1,-1,1
2022-01-12,1,0,1,65,0,0
2022-01-13,1,0,1,64,1,0
2022-01-14,1,0,1,63,2,0
2022-01-15,1,0,1,62,3,0
2022-01-16,1,0,1,61,4,0
2022-01-17,1,0,1,60,5,0
2022-01-18,1,0,1,59,6,0
2022-01-19,1,0,1,58,7,0
2022-01-20,1,0,1,57,8,0
2022-01-21,1,0,1,56,9,0
2022-01-22,1,0,1,55,10,0
2022-01-23,1,0,1,54,11,0
2022-01-24,1,0,1,53,12,0
2022-01-25,1,0,1,52,13,0
2022-01-26,1,0,1,51,14,0
2022-01-27,1,0,1,50,15,0
2022-01-28,1,0,1,49,16,0
2022-01-29,1,0,1,48,17,0
2022-01-30,1,0,1,47,18,0
2022-01-31,1,0,1,46,19,0
2022-02-01,1,0,1,45,20,0
2022-02-02,1,0,1,44,21,0
2022-02-03,1,0,1,43,22,0
2022-02-04,1,0,1,42,23,0
2022-02-05,1,0,1,41,24,0
2022-02-06,1,0,1,40,25,0
2022-02-07,1,0,1,39,26,0
2022-02-08,1,0,1,38,27,0
2022-02-09,1,0,1,37,28,0
2022-02-10,1,0,1,36,29,0
2022-02-11,1,0,1,35,30,0
2022-02-12,1,0,1,34,31,0
2022-02-13,1,0,1,33,32,0
2022-02-14,1,0,1,32,33,0
2022-02-15,1,0,1,31,34,0
2022-02-16,1,0,1,30,35,0
2022-02-17,1,0,1,29,36,0
2022-02-18,1,0,1,28,37,0
2022-02-19,1,0,1,27,38,0
2022-02-20,1,0,1,26,39,0
2022-02-21,1,0,1,25,40,0
2022-02-22,1,0,1,24,41,0
2022-02-23,1,0,1,23,42,0
2022-02-24,1,0,1,22,43,0
2022-02-25,1,0,1,21,44,0
2022-02-26,1,1,1,20,45,0
2022-02-27,1,1,1,19,46,0
2022-02-28,1,1,1,18,47,0
2022-03-01,1,1,1,17,48,0
2022-03-02,1,1,1,16,49,0
2022-03-03,1,1,1,15,50,0
2022-03-04,1,1,1,14,51,0
2022-03-05,1,1,1,13,52,0
2022-03-06,1,1,1,12,53,0
2022-03-07,1,1,1,11,54,0
2022-03-08,1,1,1,10,55,0
2022-03-09,1,1,1,9,56,0
2022-03-10,1,1,1,8,57,0
2022-03-11,1,1,1,7,58,0
2022-03-12,1,1,1,6,59,0
2022-03-13,1,1,1,5,60,0
2022-03-14,1,1,1,4,61,0
2022-03-15,1,1,1,3,62,0
2022-03-16,1,1,1,2,63,0
2022-03-17,1,1,1,1,64,0
2022-03-18,1,1,1,0,65,0
2022-03-19,0,0,0,-1,-1,1
2022-03-20,0,0,0,-1,-1,1
2022-03-21,0,0,0,-1,-1,1
2022-03-22,0,0,0,-1,-1,1
2022-03-23,0,0,0,-1,-1,1
2022-03-24,0,0,0,-1,-1,1
2022-03-25,0,0,0,-1,-1,1
2022-03-26,0,0,0,-1,-1,1
2022-03-27,0,0,0,-1,-1,1
2022-03-28,0,0,0,-1,-1,1
2022-03-29,0,0,0,-1,-1,1
2022-03-30,0,0,0,-1,-1,1
2022-03-31,0,0,0,-1,-1,1
2022-04-01,0,0,0,-1,-1,1
2022-04-02,0,0,0,-1,-1,1
2022-04-03,0,0,0,-1,-1,1
2022-04-04,0,0,0,-1,-1,1
2022-04-05,1,0,2,80,0,0
2022-04-06,1,0,2,79,1,0
2022-04-07,1,0,2,78,2,0
2022-04-08,1,0,2,77,3,0
2022-04-09,1,0,2,76,4,0
2022-04-10,1,0,2,75,5,0
2022-04-11,1,0,2,74,6,0
2022-04-12,1,0,2,73,7,0
2022-04-13,1,0,2,72,8,0
2022-04-14,1,0,2,71,9,0
2022-04-15,1,0,2,70,10,0
2022-04-16,1,0,2,69,11,0
2022-04-17,1,0,2,68,12,0
2022-04-18,1,0,2,67,13,0
2022-04-19,1,0,2,66,14,0
2022-04-20,1,0,2,65,15,0
2022-04-21,1,0,2,64,16,0
2022-04-22,1,0,2,63,17,0
2022-04-23,1,0,2,62,18,0
2022-04-24,1,0,2,61,19,0
2022-04-25,1,0,2,60,20,0
2022-04-26,1,0,2,59,21,0
2022-04-27,1,0,2,58,22,0
2022-04-28,1,0,2,57,23,0
2022-04-29,1,0,2,56,24,0
2022-04-30,1,0,2,55,25,0
2022-05-01,1,0,2,54,26,0
2022-05-02,1,0,2,53,27,0
2022-05-03,1,0,2,52,28,0
2022-05-04,1,0,2,51,29,0
2022-05-05,1,0,2,50,30,0
2022-05-06,1,0,2,49,31,0
2022-05-07,1,0,2,48,32,0
2022-05-08,1,0,2,47,33,0
2022-05-09,1,0,2,46,34,0
2022-05-10,1,0,2,45,35,0
2022-05-11,1,0,2,44,36,0
2022-05-12,1,0,2,43,37,0
2022-05-13,1,0,2,42,38,0
2022-05-14,1,0,2,41,39,0
2022-05-15,1,0,2,40,40,0
2022-05-16,1,0,2,39,41,0
2022-05-17,1,0,2,38,42,0
2022-05-18,1,0,2,37,43,0
2022-05-19,1,0,2,36,44,0
2022-05-20,1,0,2,35,45,0
2022-05-21,1,0,2,34,46,0
2022-05-22,1,0,2,33,47,0
2022-05-23,1,0,2,32,48,0
2022-05-24,1,0,2,31,49,0
2022-05-25,1,0,2,30,50,0
2022-05-26,1,0,2,29,51,0
2022-05-27,1,0,2,28,52,0
2022-05-28,1,0,2,27,53,0
2022-05-29,1,0,2,26,54,0
2022-05-30,1,0,2,25,55,0
2022-05-31,1,0,2,24,56,0
2022-06-01,1,0,2,23,57,0
2022-06-02,1,0,2,22,58,0
2022-06-03,1,0,2,21,59,0
2022-06-04,1,1,2,20,60,0
2022-06-05,1,1,2,19,61,0
2022-06-06,1,1,2,18,62,0
2022-06-07,1,1,2,17,63,0
2022-06-08,1,1,2,16,64,0
2022-06-09,1,1,2,15,65,0
2022-06-10,1,1,2,14,66,0
2022-06-11,1,1,2,13,67,0
2022-06-12,1,1,2,12,68,0
2022-06-13,1,1,2,11,69,0
2022-06-14,1,1,2,10,70,0
2022-06-15,1,1,2,9,71,0
2022-06-16,1,1,2,8,72,0
2022-06-17,1,1,2,7,73,0
2022-06-18,1,1,2,6,74,0
2022-06-19,1,1,2,5,75,0
2022-06-20,1,1,2,4,76,0
2022-06-21,1,1,2,3,77,0
2022-06-22,1,1,2,2,78,0
2022-06-23,1,1,2,1,79,0
2022-06-24,1,1,2,0,80,0
2022-06-25,0,0,0,-1,-1,1
2022-06-26,0,0,0,-1,-1,1
2022-06-27,0,0,0,-1,-1,1
2022-06-28,0,0,0,-1,-1,1
2022-06-29,0,0,0,-1,-1,1
2022-06-30,0,0,0,-1,-1,1
2022-07-01,0,0,0,-1,-1,1
2022-07-02,0,0,0,-1,-1,1
2022-07-03,0,0,0,-1,-1,1
2022-07-04,0,0,0,-1,-1,1
2022-07-05,0,0,0,-1,-1,1
2022-07-06,0,0,0,-1,-1,1
2022-07-07,0,0,0,-1,-1,1
2022-07-08,0,0,0,-1,-1,1
2022-07-09,0,0,0,-1,-1,1
2022-07-10,0,0,0,-1,-1,1
2022-07-11,0,0,0,-1,-1,1
2022-07-12,0,0,0,-1,-1,1
2022-07-13,0,0,0,-1,-1,1
2022-07-14,0,0,0,-1,-1,1
2022-07-15,0,0,0,-1,-1,1
2022-07-16,0,0,0,-1,-1,1
2022-07-17,0,0,0,-1,-1,1
2022-07-18,0,0,0,-1,-1,1
2022-07-19,1,0,3,73,0,0
2022-07-20,1,0,3,72,1,0
2022-07-21,1,0,3,71,2,0
2022-07-22,1,0,3,70,3,0
2022-07-23,1,0,3,69,4,0
2022-07-24,1,0,3,68,5,0
2022-07-25,1,0,3,67,6,0
2022-07-26,1,0,3,66,7,0
2022-07-27,1,0,3,65,8,0
2022-07-28,1,0,3,64,9,0
2022-07-29,1,0,3,63,10,0
2022-07-30,1,0,3,62,11,0
2022-07-31,1,0,3,61,12,0
2022-08-01,1,0,3,60,13,0
2022-08-02,1,0,3,59,14,0
2022-08-03,1,0,3,58,15,0
2022-08-04,1,0,3,57,16,0
2022-08-05,1,0,3,56,17,0
2022-08-06,1,0,3,55,18,0
2022-08-07,1,0,3,54,19,0
2022-08-08,1,0,3,53,20,0
2022-08-09,1,0,3,52,21,0
2022-08-10,1,0,3,51,22,0
2022-08-11,1,0,3,50,23,0
2022-08-12,1,0,3,49,24,0
2022-08-13,1,0,3,48,25,0
2022-08-14,1,0,3,47,26,0
2022-08-15,1,0,3,46,27,0
2022-08-16,1,0,3,45,28,0
2022-08-17,1,0,3,44,29,0
2022-08-18,1,0,3,43,30,0
2022-08-19,1,0,3,42,31,0
2022-08-20,1,0,3,41,32,0
2022-08-21,1,0,3,40,33,0
2022-08-22,1,0,3,39,34,0
2022-08-23,1,0,3,38,35,0
2022-08-24,1,0,3,37,36,0
2022-08-25,1,0,3,36,37,0
2022-08-26,1,0,3,35,38,0
2022-08-27,1,0,3,34,39,0
2022-08-28,1,0,3,33,40,0
2022-08-29,1,0,3,32,41,0
2022-08-30,1,0,3,31,42,0
2022-08-31,1,0,3,30,43,0
2022-09-01,1,0,3,29,44,0
2022-09-02,1,0,3,28,45,0
2022-09-03,1,0,3,27,46,0
2022-09-04,1,0,3,26,47,0
2022-09-05,1,0,3,25,48,0
2022-09-06,1,0,3,24,49,0
2022-09-07,1,0,3,23,50,0
2022-09-08,1,0,3,22,51,0
2022-09-09,1,0,3,21,52,0
2022-09-10,1,1,3,20,53,0
2022-09-11,1,1,3,19,54,0
2022-09-12,1,1,3,18,55,0
2022-09-13,1,1,3,17,56,0
2022-09-14,1,1,3,16,57,0
2022-09-15,1,1,3,15,58,0
2022-09-16,1,1,3,14,59,0
2022-09-17,1,1,3,13,60,0
2022-09-18,1,1,3,12,61,0
2022-09-19,1,1,3,11,62,0
2022-09-20,1,1,3,10,63,0
2022-09-21,1,1,3,9,64,0
2022-09-22,1,1,3,8,65,0
2022-09-23,1,1,3,7,66,0
2022-09-24,1,1,3,6,67,0
2022-09-25,1,1,3,5,68,0
2022-09-26,1,1,3,4,69,0
2022-09-27,1,1,3,3,70,0
2022-09-28,1,1,3,2,71,0
2022-09-29,1,1,3,1,72,0
2022-09-30,1,1,3,0,73,0
2022-10-01,0,0,0,-1,-1,1
2022-10-02,0,0,0,-1,-1,1
2022-10-03,0,0,0,-1,-1,1
2022-10-04,0,0,0,-1,-1,1
2022-10-05,0,0,0,-1,-1,1
2022-10-06,0,0,0,-1,-1,1
2022-10-07,0,0,0,-1,-1,1
2022-10-08,0,0,0,-1,-1,1
2022-10-09,0,0,0,-1,-1,1
2022-10-10,0,0,0,-1,-1,1
2022-10-11,1,0,4,64,0,0
2022-10-12,1,0,4,63,1,0
2022-10-13,1,0,4,62,2,0
2022-10-14,1,0,4,61,3,0
2022-10-15,1,0,4,60,4,0
2022-10-16,1,0,4,59,5,0
2022-10-17,1,0,4,58,6,0
2022-10-18,1,0,4,57,7,0
2022-10-19,1,0,4,56,8,0
2022-10-20,1,0,4,55,9,0
2022-10-21,1,0,4,54,10,0
2022-10-22,1,0,4,53,11,0
2022-10-23,1,0,4,52,12,0
2022-10-24,1,0,4,51,13,0
2022-10-25,1,0,4,50,14,0
2022-10-26,1,0,4,49,15,0
2022-10-27,1,0,4,48,16,0
2022-10-28,1,0,4,47,17,0
2022-10-29,1,0,4,46,18,0
2022-10-30,1,0,4,45,19,0
2022-10-31,1,0,4,44,20,0
2022-11-01,1,0,4,43,21,0
2022-11-02,1,0,4,42,22,0
2022-11-03,1,0,4,41,23,0
2022-11-04,1,0,4,40,24,0
2022-11-05,1,0,4,39,25,0
2022-11-06,1,0,4,38,26,0
2022-11-07,1,0,4,37,27,0
2022-11-08,1,0,4,36,28,0
2022-11-09,1,0,4,35,29,0
2022-11-10,1,0,4,34,30,0
2022-11-11,1,0,4,33,31,0
2022-11-12,1,0,4,32,32,0
2022-11-13,1,0,4,31,33,0
2022-11-14,1,0,4,30,34,0
2022-11-15,1,0,4,29,35,0
2022-11-16,1,0,4,28,36,0
2022-11-17,1,0,4,27,37,0
2022-11-18,1,0,4,26,38,0
2022-11-19,1,0,4,25,39,0
2022-11-20,1,0,4,24,40,0
2022-11-21,1,0,4,23,41,0
2022-11-22,1,0,4,22,42,0
2022-11-23,1,0,4,21,43,0
2022-11-24,1,1,4,20,44,0
2022-11-25,1,1,4,19,45,0
2022-11-26,1,1,4,18,46,0
2022-11-27,1,1,4,17,47,0
2022-11-28,1,1,4,16,48,0
2022-11-29,1,1,4,15,49,0
2022-11-30,1,1,4,14,50,0
2022-12-01,1,1,4,13,51,0
2022-12-02,1,1,4,12,52,0
2022-12-03,1,1,4,11,53,0
2022-12-04,1,1,4,10,54,0
2022-12-05,1,1,4,9,55,0
2022-12-06,1,1,4,8,56,0
2022-12-07,1,1,4,7,57,0
2022-12-08,1,1,4,6,58,0
2022-12-09,1,1,4,5,59,0
2022-12-10,1,1,4,4,60,0
2022-12-11,1,1,4,3,61,0
2022-12-12,1,1,4,2,62,0
2022-12-13,1,1,4,1,63,0
2022-12-14,1,1,4,0,64,0
2022-12-15,0,0,0,-1,-1,1
2022-12-16,0,0,0,-1,-1,1
2022-12-17,0,0,0,-1,-1,1
2022-12-18,0,0,0,-1,-1,1
2022-12-19,0,0,0,-1,-1,1
2022-12-20,0,0,0,-1,-1,1
2022-12-21,0,0,0,-1,-1,1
2022-12-22,0,0,0,-1,-1,1
2022-12-23,0,0,0,-1,-1,1
2022-12-24,0,0,0,-1,-1,1
2022-12-25,0,0,0,-1,-1,1
2022-12-26,0,0,0,-1,-1,1
2022-12-27,0,0,0,-1,-1,1
2022-12-28,0,0,0,-1,-1,1
2022-12-29,0,0,0,-1,-1,1
2022-12-30,0,0,0,-1,-1,1
2022-12-31,0,0,0,-1,-1,1
2023-01-01,0,0,0,-1,-1,1
2023-01-02,0,0,0,-1,-1,1
2023-01-03,0,0,0,-1,-1,1
2023-01-04,0,0,0,-1,-1,1
2023-01-05,0,0,0,-1,-1,1
2023-01-06,0,0,0,-1,-1,1
2023-01-07,0,0,0,-1,-1,1
2023-01-08,0,0,0,-1,-1,1
2023-01-09,0,0,0,-1,-1,1
2023-01-10,0,0,0,-1,-1,1
2023-01-11,0,0,0,-1,-1,1
2023-01-12,0,0,0,-1,-1,1
2023-01-13,0,0,0,-1,-1,1
2023-01-14,0,0,0,-1,-1,1
2023-01-15,0,0,0,-1,-1,1
2023-01-16,0,0,0,-1,-1,1
2023-01-17,0,0,0,-1,-1,1
2023-01-18,1,0,1,72,0,0
2023-01-19,1,0,1,71,1,0
2023-01-20,1,0,1,70,2,0
2023-01-21,1,0,1,69,3,0
2023-01-22,1,0,1,68,4,0
2023-01-23,1,0,1,67,5,0
2023-01-24,1,0,1,66,6,0
2023-01-25,1,0,1,65,7,0
2023-01-26,1,0,1,64,8,0
2023-01-27,1,0,1,63,9,0
2023-01-28,1,0,1,62,10,0
2023-01-29,1,0,1,61,11,0
2023-01-30,1,0,1,60,12,0
2023-01-31,1,0,1,59,13,0
2023-02-01,1,0,1,58,14,0
2023-02-02,1,0,1,57,15,0
2023-02-03,1,0,1,56,16,0
2023-02-04,1,0,1,55,17,0
2023-02-05,1,0,1,54,18,0
2023-02-06,1,0,1,53,19,0
2023-02-07,1,0,1,52,20,0
2023-02-08,1,0,1,51,21,0
2023-02-09,1,0,1,50,22,0
2023-02-10,1,0,1,49,23,0
2023-02-11,1,0,1,48,24,0
2023-02-12,1,0,1,47,25,0
2023-02-13,1,0,1,46,26,0
2023-02-14,1,0,1,45,27,0
2023-02-15,1,0,1,44,28,0
2023-02-16,1,0,1,43,29,0
2023-02-17,1,0,1,42,30,0
2023-02-18,1,0,1,41,31,0
2023-02-19,1,0,1,40,32,0
2023-02-20,1,0,1,39,33,0
2023-02-21,1,0,1,38,34,0
2023-02-22,1,0,1,37,35,0
2023-02-23,1,0,1,36,36,0
2023-02-24,1,0,1,35,37,0
2023-02-25,1,0,1,34,38,0
2023-02-26,1,0,1,33,39,0
2023-02-27,1,0,1,32,40,0
2023-02-28,1,0,1,31,41,0
2023-03-01,1,0,1,30,42,0
2023-03-02,1,0,1,29,43,0
2023-03-03,1,0,1,28,44,0
2023-03-04,1,0,1,27,45,0
2023-03-05,1,0,1,26,46,0
2023-03-06,1,0,1,25,47,0
2023-03-07,1,0,1,24,48,0
2023-03-08,1,0,1,23,49,0
2023-03-09,1,0,1,22,50,0
2023-03-10,1,0,1,21,51,0
2023-03-11,1,1,1,20,52,0
2023-03-12,1,1,1,19,53,0
2023-03-13,1,1,1,18,54,0
2023-03-14,1,1,1,17,55,0
2023-03-15,1,1,1,16,56,0
2023-03-16,1,1,1,15,57,0
2023-03-17,1,1,1,14,58,0
2023-03-18,1,1,1,13,59,0
2023-03-19,1,1,1,12,60,0
2023-03-20,1,1,1,11,61,0
2023-03-21,1,1,1,10,62,0
2023-03-22,1,1,1,9,63,0
2023-03-23,1,1,1,8,64,0
2023-03-24,1,1,1,7,65,0
2023-03-25,1,1,1,6,66,0
2023-03-26,1,1,1,5,67,0
2023-03-27,1,1,1,4,68,0
2023-03-28,1,1,1,3,69,0
2023-03-29,1,1,1,2,70,0
2023-03-30,1,1,1,1,71,0
2023-03-31,1,1,1,0,72,0
2023-04-01,0,0,0,-1,-1,1
2023-04-02,0,0,0,-1,-1,1
2023-04-03,0,0,0,-1,-1,1
2023-04-04,0,0,0,-1,-1,1
2023-04-05,0,0,0,-1,-1,1
2023-04-06,0,0,0,-1,-1,1
2023-04-07,0,0,0,-1,-1,1
2023-04-08,0,0,0,-1,-1,1
2023-04-09,0,0,0,-1,-1,1
2023-04-10,0,0,0,-1,-1,1
2023-04-11,1,0,2,73,0,0
2023-04-12,1,0,2,72,1,0
2023-04-13,1,0,2,71,2,0
2023-04-14,1,0,2,70,3,0
2023-04-15,1,0,2,69,4,0
2023-04-16,1,0,2,68,5,0
2023-04-17,1,0,2,67,6,0
2023-04-18,1,0,2,66,7,0
2023-04-19,1,0,2,65,8,0
2023-04-20,1,0,2,64,9,0
2023-04-21,1,0,2,63,10,0
2023-04-22,1,0,2,62,11,0
2023-04-23,1,0,2,61,12,0
2023-04-24,1,0,2,60,13,0
2023-04-25,1,0,2,59,14,0
2023-04-26,1,0,2,58,15,0
2023-04-27,1,0,2,57,16,0
2023-04-28,1,0,2,56,17,0
2023-04-29,1,0,2,55,18,0
2023-04-30,1,0,2,54,19,0
2023-05-01,1,0,2,53,20,0
2023-05-02,1,0,2,52,21,0
2023-05-03,1,0,2,51,22,0
2023-05-04,1,0,2,50,23,0
2023-05-05,1,0,2,49,24,0
2023-05-06,1,0,2,48,25,0
2023-05-07,1,0,2,47,26,0
2023-05-08,1,0,2,46,27,0
2023-05-09,1,0,2,45,28,0
2023-05-10,1,0,2,44,29,0
2023-05-11,1,0,2,43,30,0
2023-05-12,1,0,2,42,31,0
2023-05-13,1,0,2,41,32,0
2023-05-14,1,0,2,40,33,0
2023-05-15,1,0,2,39,34,0
2023-05-16,1,0,2,38,35,0
2023-05-17,1,0,2,37,36,0
2023-05-18,1,0,2,36,37,0
2023-05-19,1,0,2,35,38,0
2023-05-20,1,0,2,34,39,0
2023-05-21,1,0,2,33,40,0
2023-05-22,1,0,2,32,41,0
2023-05-23,1,0,2,31,42,0
2023-05-24,1,0,2,30,43,0
2023-05-25,1,0,2,29,44,0
2023-05-26,1,0,2,28,45,0
2023-05-27,1,0,2,27,46,0
2023-05-28,1,0,2,26,47,0
2023-05-29,1,0,2,25,48,0
2023-05-30,1,0,2,24,49,0
2023-05-31,1,0,2,23,50,0
2023-06-01,1,0,2,22,51,0
2023-06-02,1,0,2,21,52,0
2023-06-03,1,1,2,20,53,0
2023-06-04,1,1,2,19,54,0
2023-06-05,1,1,2,18,55,0
2023-06-06,1,1,2,17,56,0
2023-06-07,1,1,2,16,57,0
2023-06-08,1,1,2,15,58,0
2023-06-09,1,1,2,14,59,0
2023-06-10,1,1,2,13,60,0
2023-06-11,1,1,2,12,61,0
2023-06-12,1,1,2,11,62,0
2023-06-13,1,1,2,10,63,0
2023-06-14,1,1,2,9,64,0
2023-06-15,1,1,2,8,65,0
2023-06-16,1,1,2,7,66,0
2023-06-17,1,1,2,6,67,0
2023-06-18,1,1,2,5,68,0
2023-06-19,1,1,2,4,69,0
2023-06-20,1,1,2,3,70,0
2023-06-21,1,1,2,2,71,0
2023-06-22,1,1,2,1,72,0
2023-06-23,1,1,2,0,73,0
2023-06-24,0,0,0,-1,-1,1
2023-06-25,0,0,0,-1,-1,1
2023-06-26,0,0,0,-1,-1,1
2023-06-27,0,0,0,-1,-1,1
2023-06-28,0,0,0,-1,-1,1
2023-06-29,0,0,0,-1,-1,1
2023-06-30,0,0,0,-1,-1,1
2023-07-01,0,0,0,-1,-1,1
2023-07-02,0,0,0,-1,-1,1
2023-07-03,0,0,0,-1,-1,1
2023-07-04,0,0,0,-1,-1,1
2023-07-05,0,0,0,-1,-1,1
2023-07-06,0,0,0,-1,-1,1
2023-07-07,0,0,0,-1,-1,1
2023-07-08,0,0,0,-1,-1,1
2023-07-09,0,0,0,-1,-1,1
2023-07-10,0,0,0,-1,-1,1
2023-07-11,0,0,0,-1,-1,1
2023-07-12,0,0,0,-1,-1,1
2023-07-13,0,0,0,-1,-1,1
2023-07-14,0,0,0,-1,-1,1
2023-07-15,0,0,0,-1,-1,1
2023-07-16,0,0,0,-1,-1,1
2023-07-17,0,0,0,-1,-1,1
2023-07-18,1,0,3,73,0,0
2023-07-19,1,0,3,72,1,0
2023-07-20,1,0,3,71,2,0
2023-07-21,1,0,3,70,3,0
2023-07-22,1,0,3,69,4,0
2023-07-23,1,0,3,68,5,0
2023-07-24,1,0,3,67,6,0
2023-07-25,1,0,3,66,7,0
2023-07-26,1,0,3,65,8,0
2023-07-27,1,0,3,64,9,0
2023-07-28,1,0,3,63,10,0
2023-07-29,1,0,3,62,11,0
2023-07-30,1,0,3,61,12,0
2023-07-31,1,0,3,60,13,0
2023-08-01,1,0,3,59,14,0
2023-08-02,1,0,3,58,15,0
2023-08-03,1,0,3,57,16,0
2023-08-04,1,0,3,56,17,0
2023-08-05,1,0,3,55,18,0
2023-08-06,1,0,3,54,19,0
2023-08-07,1,0,3,53,20,0
2023-08-08,1,0,3,52,21,0
2023-08-09,1,0,3,51,22,0
2023-08-10,1,0,3,50,23,0
2023-08-11,1,0,3,49,24,0
2023-08-12,1,0,3,48,25,0
2023-08-13,1,0,3,47,26,0
2023-08-14,1,0,3,46,27,0
2023-08-15,1,0,3,45,28,0
2023-08-16,1,0,3,44,29,0
2023-08-17,1,0,3,43,30,0
2023-08-18,1,0,3,42,31,0
2023-08-19,1,0,3,41,32,0
2023-08-20,1,0,3,40,33,0
2023-08-21,1,0,3,39,34,0
2023-08-22,1,0,3,38,35,0
2023-08-23,1,0,3,37,36,0
2023-08-24,1,0,3,36,37,0
2023-08-25,1,0,3,35,38,0
2023-08-26,1,0,3,34,39,0
2023-08-27,1,0,3,33,40,0
2023-08-28,1,0,3,32,41,0
2023-08-29,1,0,3,31,42,0
2023-08-30,1,0,3,30,43,0
2023-08-31,1,0,3,29,44,0
2023-09-01,1,0,3,28,45,0
2023-09-02,1,0,3,27,46,0
2023-09-03,1,0,3,26,47,0
2023-09-04,1,0,3,25,48,0
2023-09-05,1,0,3,24,49,0
2023-09-06,1,0,3,23,50,0
2023-09-07,1,0,3,22,51,0
2023-09-08,1,0,3,21,52,0
2023-09-09,1,1,3,20,53,0
2023-09-10,1,1,3,19,54,0
2023-09-11,1,1,3,18,55,0
2023-09-12,1,1,3,17,56,0
2023-09-13,1,1,3,16,57,0
2023-09-14,1,1,3,15,58,0
2023-09-15,1,1,3,14,59,0
2023-09-16,1,1,3,13,60,0
2023-09-17,1,1,3,12,61,0
2023-09-18,1,1,3,11,62,0
2023-09-19,1,1,3,10,63,0
2023-09-20,1,1,3,9,64,0
2023-09-21,1,1,3,8,65,0
2023-09-22,1,1,3,7,66,0
2023-09-23,1,1,3,6,67,0
2023-09-24,1,1,3,5,68,0
2023-09-25,1,1,3,4,69,0
2023-09-26,1,1,3,3,70,0
2023-09-27,1,1,3,2,71,0
2023-09-28,1,1,3,1,72,0
2023-09-29,1,1,3,0,73,0
2023-09-30,0,0,0,-1,-1,1
2023-10-01,0,0,0,-1,-1,1
2023-10-02,0,0,0,-1,-1,1
2023-10-03,0,0,0,-1,-1,1
2023-10-04,0,0,0,-1,-1,1
2023-10-05,0,0,0,-1,-1,1
2023-10-06,0,0,0,-1,-1,1
2023-10-07,0,0,0,-1,-1,1
2023-10-08,0,0,0,-1,-1,1
2023-10-09,0,0,0,-1,-1,1
2023-10-10,1,0,4,64,0,0
2023-10-11,1,0,4,63,1,0
2023-10-12,1,0,4,62,2,0
2023-10-13,1,0,4,61,3,0
2023-10-14,1,0,4,60,4,0
2023-10-15,1,0,4,59,5,0
2023-10-16,1,0,4,58,6,0
2023-10-17,1,0,4,57,7,0
2023-10-18,1,0,4,56,8,0
2023-10-19,1,0,4,55,9,0
2023-10-20,1,0,4,54,10,0
2023-10-21,1,0,4,53,11,0
2023-10-22,1,0,4,52,12,0
2023-10-23,1,0,4,51,13,0
2023-10-24,1,0,4,50,14,0
2023-10-25,1,0,4,49,15,0
2023-10-26,1,0,4,48,16,0
2023-10-27,1,0,4,47,17,0
2023-10-28,1,0,4,46,18,0
2023-10-29,1,0,4,45,19,0
2023-10-30,1,0,4,44,20,0
2023-10-31,1,0,4,43,21,0
2023-11-01,1,0,4,42,22,0
2023-11-02,1,0,4,41,23,0
2023-11-03,1,0,4,40,24,0
2023-11-04,1,0,4,39,25,0
2023-11-05,1,0,4,38,26,0
2023-11-06,1,0,4,37,27,0
2023-11-07,1,0,4,36,28,0
2023-11-08,1,0,4,35,29,0
2023-11-09,1,0,4,34,30,0
2023-11-10,1,0,4,33,31,0
2023-11-11,1,0,4,32,32,0
2023-11-12,1,0,4,31,33,0
2023-11-13,1,0,4,30,34,0
2023-11-14,1,0,4,29,35,0
2023-11-15,1,0,4,28,36,0
2023-11-16,1,0,4,27,37,0
2023-11-17,1,0,4,26,38,0
2023-11-18,1,0,4,25,39,0
2023-11-19,1,0,4,24,40,0
2023-11-20,1,0,4,23,41,0
2023-11-21,1,0,4,22,42,0
2023-11-22,1,0,4,21,43,0
2023-11-23,1,1,4,20,44,0
2023-11-24,1,1,4,19,45,0
2023-11-25,1,1,4,18,46,0
2023-11-26,1,1,4,17,47,0
2023-11-27,1,1,4,16,48,0
2023-11-28,1,1,4,15,49,0
2023-11-29,1,1,4,14,50,0
2023-11-30,1,1,4,13,51,0
2023-12-01,1,1,4,12,52,0
2023-12-02,1,1,4,11,53,0
2023-12-03,1,1,4,10,54,0
2023-12-04,1,1,4,9,55,0
2023-12-05,1,1,4,8,56,0
2023-12-06,1,1,4,7,57,0
2023-12-07,1,1,4,6,58,0
2023-12-08,1,1,4,5,59,0
2023-12-09,1,1,4,4,60,0
2023-12-10,1,1,4,3,61,0
2023-12-11,1,1,4,2,62,0
2023-12-12,1,1,4,1,63,0
2023-12-13,1,1,4,0,64,0
2023-12-14,0,0,0,-1,-1,1
2023-12-15,0,0,0,-1,-1,1
2023-12-16,0,0,0,-1,-1,1
2023-12-17,0,0,0,-1,-1,1
2023-12-18,0,0,0,-1,-1,1
2023-12-19,0,0,0,-1,-1,1
2023-12-20,0,0,0,-1,-1,1
2023-12-21,0,0,0,-1,-1,1
2023-12-22,0,0,0,-1,-1,1
2023-12-23,0,0,0,-1,-1,1
2023-12-24,0,0,0,-1,-1,1
2023-12-25,0,0,0,-1,-1,1
2023-12-26,0,0,0,-1,-1,1
2023-12-27,0,0,0,-1,-1,1
2023-12-28,0,0,0,-1,-1,1
2023-12-29,0,0,0,-1,-1,1
2023-12-30,0,0,0,-1,-1,1
2023-12-31,0,0,0,-1,-1,1
2024-01-01,0,0,0,-1,-1,1
2024-01-02,0,0,0,-1,-1,1
2024-01-03,0,0,0,-1,-1,1
2024-01-04,0,0,0,-1,-1,1
2024-01-05,0,0,0,-1,-1,1
2024-01-06,0,0,0,-1,-1,1
2024-01-07,0,0,0,-1,-1,1
2024-01-08,0,0,0,-1,-1,1
2024-01-09,0,0,0,-1,-1,1
2024-01-10,0,0,0,-1,-1,1
2024-01-11,0,0,0,-1,-1,1
2024-01-12,0,0,0,-1,-1,1
2024-01-13,0,0,0,-1,-1,1
2024-01-14,0,0,0,-1,-1,1
2024-01-15,0,0,0,-1,-1,1
2024-01-16,0,0,0,-1,-1,1
2024-01-17,1,0,1,63,0,0
2024-01-18,1,0,1,62,1,0
2024-01-19,1,0,1,61,2,0
2024-01-20,1,0,1,60,3,0
2024-01-21,1,0,1,59,4,0
2024-01-22,1,0,1,58,5,0
2024-01-23,1,0,1,57,6,0
2024-01-24,1,0,1,56,7,0
2024-01-25,1,0,1,55,8,0
2024-01-26,1,0,1,54,9,0
2024-01-27,1,0,1,53,10,0
2024-01-28,1,0,1,52,11,0
2024-01-29,1,0,1,51,12,0
2024-01-30,1,0,1,50,13,0
2024-01-31,1,0,1,49,14,0
2024-02-01,1,0,1,48,15,0
2024-02-02,1,0,1,47,16,0
2024-02-03,1,0,1,46,17,0
2024-02-04,1,0,1,45,18,0
2024-02-05,1,0,1,44,19,0
2024-02-06,1,0,1,43,20,0
2024-02-07,1,0,1,42,21,0
2024-02-08,1,0,1,41,22,0
2024-02-09,1,0,1,40,23,0
2024-02-10,1,0,1,39,24,0
2024-02-11,1,0,1,38,25,0
2024-02-12,1,0,1,37,26,0
2024-02-13,1,0,1,36,27,0
2024-02-14,1,0,1,35,28,0
2024-02-15,1,0,1,34,29,0
2024-02-16,1,0,1,33,30,0
2024-02-17,1,0,1,32,31,0
2024-02-18,1,0,1,31,32,0
2024-02-19,1,0,1,30,33,0
2024-02-20,1,0,1,29,34,0
2024-02-21,1,0,1,28,35,0
2024-02-22,1,0,1,27,36,0
2024-02-23,1,0,1,26,37,0
2024-02-24,1,0,1,25,38,0
2024-02-25,1,0,1,24,39,0
2024-02-26,1,0,1,23,40,0
2024-02-27,1,0,1,22,41,0
2024-02-28,1,0,1,21,42,0
2024-02-29,1,1,1,20,43,0
2024-03-01,1,1,1,19,44,0
2024-03-02,1,1,1,18,45,0
2024-03-03,1,1,1,17,46,0
2024-03-04,1,1,1,16,47,0
2024-03-05,1,1,1,15,48,0
2024-03-06,1,1,1,14,49,0
2024-03-07,1,1,1,13,50,0
2024-03-08,1,1,1,12,51,0
2024-03-09,1,1,1,11,52,0
2024-03-10,1,1,1,10,53,0
2024-03-11,1,1,1,9,54,0
2024-03-12,1,1,1,8,55,0
2024-03-13,1,1,1,7,56,0
2024-03-14,1,1,1,6,57,0
2024-03-15,1,1,1,5,58,0
2024-03-16,1,1,1,4,59,0
2024-03-17,1,1,1,3,60,0
2024-03-18,1,1,1,2,61,0
2024-03-19,1,1,1,1,62,0
2024-03-20,1,1,1,0,63,0
2024-03-21,0,0,0,-1,-1,1
2024-03-22,0,0,0,-1,-1,1
2024-03-23,0,0,0,-1,-1,1
2024-03-24,0,0,0,-1,-1,1
2024-03-25,0,0,0,-1,-1,1
2024-03-26,0,0,0,-1,-1,1
2024-03-27,0,0,0,-1,-1,1
2024-03-28,0,0,0,-1,-1,1
2024-03-29,0,0,0,-1,-1,1
2024-03-30,0,0,0,-1,-1,1
2024-03-31,0,0,0,-1,-1,1
2024-04-01,0,0,0,-1,-1,1
2024-04-02,0,0,0,-1,-1,1
2024-04-03,1,0,2,72,0,0
2024-04-04,1,0,2,71,1,0
2024-04-05,1,0,2,70,2,0
2024-04-06,1,0,2,69,3,0
2024-04-07,1,0,2,68,4,0
2024-04-08,1,0,2,67,5,0
2024-04-09,1,0,2,66,6,0
2024-04-10,1,0,2,65,7,0
2024-04-11,1,0,2,64,8,0
2024-04-12,1,0,2,63,9,0
2024-04-13,1,0,2,62,10,0
2024-04-14,1,0,2,61,11,0
2024-04-15,1,0,2,60,12,0
2024-04-16,1,0,2,59,13,0
2024-04-17,1,0,2,58,14,0
2024-04-18,1,0,2,57,15,0
2024-04-19,1,0,2,56,16,0
2024-04-20,1,0,2,55,17,0
2024-04-21,1,0,2,54,18,0
2024-04-22,1,0,2,53,19,0
2024-04-23,1,0,2,52,20,0
2024-04-24,1,0,2,51,21,0
2024-04-25,1,0,2,50,22,0
2024-04-26,1,0,2,49,23,0
2024-04-27,1,0,2,48,24,0
2024-04-28,1,0,2,47,25,0
2024-04-29,1,0,2,46,26,0
2024-04-30,1,0,2,45,27,0
2024-05-01,1,0,2,44,28,0
2024-05-02,1,0,2,43,29,0
2024-05-03,1,0,2,42,30,0
2024-05-04,1,0,2,41,31,0
2024-05-05,1,0,2,40,32,0
2024-05-06,1,0,2,39,33,0
2024-05-07,1,0,2,38,34,0
2024-05-08,1,0,2,37,35,0
2024-05-09,1,0,2,36,36,0
2024-05-10,1,0,2,35,37,0
2024-05-11,1,0,2,34,38,0
2024-05-12,1,0,2,33,39,0
2024-05-13,1,0,2,32,40,0
2024-05-14,1,0,2,31,41,0
2024-05-15,1,0,2,30,42,0
2024-05-16,1,0,2,29,43,0
2024-05-17,1,0,2,28,44,0
2024-05-18,1,0,2,27,45,0
2024-05-19,1,0,2,26,46,0
2024-05-20,1,0,2,25,47,0
2024-05-21,1,0,2,24,48,0
2024-05-22,1,0,2,23,49,0
2024-05-23,1,0,2,22,50,0
2024-05-24,1,0,2,21,51,0
2024-05-25,1,1,2,20,52,0
2024-05-26,1,1,2,19,53,0
2024-05-27,1,1,2,18,54,0
2024-05-28,1,1,2,17,55,0
2024-05-29,1,1,2,16,56,0
2024-05-30,1,1,2,15,57,0
2024-05-31,1,1,2,14,58,0
2024-06-01,1,1,2,13,59,0
2024-06-02,1,1,2,12,60,0
2024-06-03,1,1,2,11,61,0
2024-06-04,1,1,2,10,62,0
2024-06-05,1,1,2,9,63,0
2024-06-06,1,1,2,8,64,0
2024-06-07,1,1,2,7,65,0
2024-06-08,1,1,2,6,66,0
2024-06-09,1,1,2,5,67,0
2024-06-10,1,1,2,4,68,0
2024-06-11,1,1,2,3,69,0
2024-06-12,1,1,2,2,70,0
2024-06-13,1,1,2,1,71,0
2024-06-14,1,1,2,0,72,0
2024-06-15,0,0,0,-1,-1,1
2024-06-16,0,0,0,-1,-1,1
2024-06-17,0,0,0,-1,-1,1
2024-06-18,0,0,0,-1,-1,1
2024-06-19,0,0,0,-1,-1,1
2024-06-20,0,0,0,-1,-1,1
2024-06-21,0,0,0,-1,-1,1
2024-06-22,0,0,0,-1,-1,1
2024-06-23,0,0,0,-1,-1,1
2024-06-24,0,0,0,-1,-1,1
2024-06-25,0,0,0,-1,-1,1
2024-06-26,0,0,0,-1,-1,1
2024-06-27,0,0,0,-1,-1,1
2024-06-28,0,0,0,-1,-1,1
2024-06-29,0,0,0,-1,-1,1
2024-06-30,0,0,0,-1,-1,1
2024-07-01,0,0,0,-1,-1,1
2024-07-02,0,0,0,-1,-1,1
2024-07-03,0,0,0,-1,-1,1
2024-07-04,0,0,0,-1,-1,1
2024-07-05,0,0,0,-1,-1,1
2024-07-06,0,0,0,-1,-1,1
2024-07-07,0,0,0,-1,-1,1
2024-07-08,0,0,0,-1,-1,1
2024-07-09,1,0,3,73,0,0
2024-07-10,1,0,3,72,1,0
2024-07-11,1,0,3,71,2,0
2024-07-12,1,0,3,70,3,0
2024-07-13,1,0,3,69,4,0
2024-07-14,1,0,3,68,5,0
2024-07-15,1,0,3,67,6,0
2024-07-16,1,0,3,66,7,0
2024-07-17,1,0,3,65,8,0
2024-07-18,1,0,3,64,9,0
2024-07-19,1,0,3,63,10,0
2024-07-20,1,0,3,62,11,0
2024-07-21,1,0,3,61,12,0
2024-07-22,1,0,3,60,13,0
2024-07-23,1,0,3,59,14,0
2024-07-24,1,0,3,58,15,0
2024-07-25,1,0,3,57,16,0
2024-07-26,1,0,3,56,17,0
2024-07-27,1,0,3,55,18,0
2024-07-28,1,0,3,54,19,0
2024-07-29,1,0,3,53,20,0
2024-07-30,1,0,3,52,21,0
2024-07-31,1,0,3,51,22,0
2024-08-01,1,0,3,50,23,0
2024-08-02,1,0,3,49,24,0
2024-08-03,1,0,3,48,25,0
2024-08-04,1,0,3,47,26,0
2024-08-05,1,0,3,46,27,0
2024-08-06,1,0,3,45,28,0
2024-08-07,1,0,3,44,29,0
2024-08-08,1,0,3,43,30,0
2024-08-09,1,0,3,42,31,0
2024-08-10,1,0,3,41,32,0
2024-08-11,1,0,3,40,33,0
2024-08-12,1,0,3,39,34,0
2024-08-13,1,0,3,38,35,0
2024-08-14,1,0,3,37,36,0
2024-08-15,1,0,3,36,37,0
2024-08-16,1,0,3,35,38,0
2024-08-17,1,0,3,34,39,0
2024-08-18,1,0,3,33,40,0
2024-08-19,1,0,3,32,41,0
2024-08-20,1,0,3,31,42,0
2024-08-21,1,0,3,30,43,0
2024-08-22,1,0,3,29,44,0
2024-08-23,1,0,3,28,45,0
2024-08-24,1,0,3,27,46,0
2024-08-25,1,0,3,26,47,0
2024-08-26,1,0,3,25,48,0
2024-08-27,1,0,3,24,49,0
2024-08-28,1,0,3,23,50,0
2024-08-29,1,0,3,22,51,0
2024-08-30,1,0,3,21,52,0
2024-08-31,1,1,3,20,53,0
2024-09-01,1,1,3,19,54,0
2024-09-02,1,1,3,18,55,0
2024-09-03,1,1,3,17,56,0
2024-09-04,1,1,3,16,57,0
2024-09-05,1,1,3,15,58,0
2024-09-06,1,1,3,14,59,0
2024-09-07,1,1,3,13,60,0
2024-09-08,1,1,3,12,61,0
2024-09-09,1,1,3,11,62,0
2024-09-10,1,1,3,10,63,0
2024-09-11,1,1,3,9,64,0
2024-09-12,1,1,3,8,65,0
2024-09-13,1,1,3,7,66,0
2024-09-14,1,1,3,6,67,0
2024-09-15,1,1,3,5,68,0
2024-09-16,1,1,3,4,69,0
2024-09-17,1,1,3,3,70,0
2024-09-18,1,1,3,2,71,0
2024-09-19,1,1,3,1,72,0
2024-09-20,1,1,3,0,73,0
2024-09-21,0,0,0,-1,-1,1
2024-09-22,0,0,0,-1,-1,1
2024-09-23,0,0,0,-1,-1,1
2024-09-24,0,0,0,-1,-1,1
2024-09-25,0,0,0,-1,-1,1
2024-09-26,0,0,0,-1,-1,1
2024-09-27,0,0,0,-1,-1,1
2024-09-28,0,0,0,-1,-1,1
2024-09-29,0,0,0,-1,-1,1
2024-09-30,0,0,0,-1,-1,1
2024-10-01,1,0,4,71,0,0
2024-10-02,1,0,4,70,1,0
2024-10-03,1,0,4,69,2,0
2024-10-04,1,0,4,68,3,0
2024-10-05,1,0,4,67,4,0
2024-10-06,1,0,4,66,5,0
2024-10-07,1,0,4,65,6,0
2024-10-08,1,0,4,64,7,0
2024-10-09,1,0,4,63,8,0
2024-10-10,1,0,4,62,9,0
2024-10-11,1,0,4,61,10,0
2024-10-12,1,0,4,60,11,0
2024-10-13,1,0,4,59,12,0
2024-10-14,1,0,4,58,13,0
2024-10-15,1,0,4,57,14,0
2024-10-16,1,0,4,56,15,0
2024-10-17,1,0,4,55,16,0
2024-10-18,1,0,4,54,17,0
2024-10-19,1,0,4,53,18,0
2024-10-20,1,0,4,52,19,0
2024-10-21,1,0,4,51,20,0
2024-10-22,1,0,4,50,21,0
2024-10-23,1,0,4,49,22,0
2024-10-24,1,0,4,48,23,0
2024-10-25,1,0,4,47,24,0
2024-10-26,1,0,4,46,25,0
2024-10-27,1,0,4,45,26,0
2024-10-28,1,0,4,44,27,0
2024-10-29,1,0,4,43,28,0
2024-10-30,1,0,4,42,29,0
2024-10-31,1,0,4,41,30,0
2024-11-01,1,0,4,40,31,0
2024-11-02,1,0,4,39,32,0
2024-11-03,1,0,4,38,33,0
2024-11-04,1,0,4,37,34,0
2024-11-05,1,0,4,36,35,0
2024-11-06,1,0,4,35,36,0
2024-11-07,1,0,4,34,37,0
2024-11-08,1,0,4,33,38,0
2024-11-09,1,0,4,32,39,0
2024-11-10,1,0,4,31,40,0
2024-11-11,1,0,4,30,41,0
2024-11-12,1,0,4,29,42,0
2024-11-13,1,0,4,28,43,0
2024-11-14,1,0,4,27,44,0
2024-11-15,1,0,4,26,45,0
2024-11-16,1,0,4,25,46,0
2024-11-17,1,0,4,24,47,0
2024-11-18,1,0,4,23,48,0
2024-11-19,1,0,4,22,49,0
2024-11-20,1,0,4,21,50,0
2024-11-21,1,1,4,20,51,0
2024-11-22,1,1,4,19,52,0
2024-11-23,1,1,4,18,53,0
2024-11-24,1,1,4,17,54,0
2024-11-25,1,1,4,16,55,0
2024-11-26,1,1,4,15,56,0
2024-11-27,1,1,4,14,57,0
2024-11-28,1,1,4,13,58,0
2024-11-29,1,1,4,12,59,0
2024-11-30,1,1,4,11,60,0
2024-12-01,1,1,4,10,61,0
2024-12-02,1,1,4,9,62,0
2024-12-03,1,1,4,8,63,0
2024-12-04,1,1,4,7,64,0
2024-12-05,1,1,4,6,65,0
2024-12-06,1,1,4,5,66,0
2024-12-07,1,1,4,4,67,0
2024-12-08,1,1,4,3,68,0
2024-12-09,1,1,4,2,69,0
2024-12-10,1,1,4,1,70,0
2024-12-11,1,1,4,0,71,0
2024-12-12,0,0,0,-1,-1,1
2024-12-13,0,0,0,-1,-1,1
2024-12-14,0,0,0,-1,-1,1
2024-12-15,0,0,0,-1,-1,1
2024-12-16,0,0,0,-1,-1,1
2024-12-17,0,0,0,-1,-1,1
2024-12-18,0,0,0,-1,-1,1
2024-12-19,0,0,0,-1,-1,1
2024-12-20,0,0,0,-1,-1,1
2024-12-21,0,0,0,-1,-1,1
2024-12-22,0,0,0,-1,-1,1
2024-12-23,0,0,0,-1,-1,1
2024-12-24,0,0,0,-1,-1,1
2024-12-25,0,0,0,-1,-1,1
2024-12-26,0,0,0,-1,-1,1
2024-12-27,0,0,0,-1,-1,1
2024-12-28,0,0,0,-1,-1,1
2024-12-29,0,0,0,-1,-1,1
2024-12-30,0,0,0,-1,-1,1
2024-12-31,0,0,0,-1,-1,1
2025-01-01,0,0,0,-1,-1,1
2025-01-02,0,0,0,-1,-1,1
2025-01-03,0,0,0,-1,-1,1
2025-01-04,0,0,0,-1,-1,1
2025-01-05,0,0,0,-1,-1,1
2025-01-06,0,0,0,-1,-1,1
2025-01-07,0,0,0,-1,-1,1
2025-01-08,0,0,0,-1,-1,1
2025-01-09,0,0,0,-1,-1,1
2025-01-10,0,0,0,-1,-1,1
2025-01-11,0,0,0,-1,-1,1
2025-01-12,0,0,0,-1,-1,1
2025-01-13,0,0,0,-1,-1,1
2025-01-14,0,0,0,-1,-1,1
2025-01-15,1,0,1,72,0,0
2025-01-16,1,0,1,71,1,0
2025-01-17,1,0,1,70,2,0
2025-01-18,1,0,1,69,3,0
2025-01-19,1,0,1,68,4,0
2025-01-20,1,0,1,67,5,0
2025-01-21,1,0,1,66,6,0
2025-01-22,1,0,1,65,7,0
2025-01-23,1,0,1,64,8,0
2025-01-24,1,0,1,63,9,0
2025-01-25,1,0,1,62,10,0
2025-01-26,1,0,1,61,11,0
2025-01-27,1,0,1,60,12,0
2025-01-28,1,0,1,59,13,0
2025-01-29,1,0,1,58,14,0
2025-01-30,1,0,1,57,15,0
2025-01-31,1,0,1,56,16,0
2025-02-01,1,0,1,55,17,0
2025-02-02,1,0,1,54,18,0
2025-02-03,1,0,1,53,19,0
2025-02-04,1,0,1,52,20,0
2025-02-05,1,0,1,51,21,0
2025-02-06,1,0,1,50,22,0
2025-02-07,1,0,1,49,23,0
2025-02-08,1,0,1,48,24,0
2025-02-09,1,0,1,47,25,0
2025-02-10,1,0,1,46,26,0
2025-02-11,1,0,1,45,27,0
2025-02-12,1,0,1,44,28,0
2025-02-13,1,0,1,43,29,0
2025-02-14,1,0,1,42,30,0
2025-02-15,1,0,1,41,31,0
2025-02-16,1,0,1,40,32,0
2025-02-17,1,0,1,39,33,0
2025-02-18,1,0,1,38,34,0
2025-02-19,1,0,1,37,35,0
2025-02-20,1,0,1,36,36,0
2025-02-21,1,0,1,35,37,0
2025-02-22,1,0,1,34,38,0
2025-02-23,1,0,1,33,39,0
2025-02-24,1,0,1,32,40,0
2025-02-25,1,0,1,31,41,0
2025-02-26,1,0,1,30,42,0
2025-02-27,1,0,1,29,43,0
2025-02-28,1,0,1,28,44,0
2025-03-01,1,0,1,27,45,0
2025-03-02,1,0,1,26,46,0
2025-03-03,1,0,1,25,47,0
2025-03-04,1,0,1,24,48,0
2025-03-05,1,0,1,23,49,0
2025-03-06,1,0,1,22,50,0
2025-03-07,1,0,1,21,51,0
2025-03-08,1,1,1,20,52,0
2025-03-09,1,1,1,19,53,0
2025-03-10,1,1,1,18,54,0
2025-03-11,1,1,1,17,55,0
2025-03-12,1,1,1,16,56,0
2025-03-13,1,1,1,15,57,0
2025-03-14,1,1,1,14,58,0
2025-03-15,1,1,1,13,59,0
2025-03-16,1,1,1,12,60,0
2025-03-17,1,1,1,11,61,0
2025-03-18,1,1,1,10,62,0
2025-03-19,1,1,1,9,63,0
2025-03-20,1,1,1,8,64,0
2025-03-21,1,1,1,7,65,0
2025-03-22,1,1,1,6,66,0
2025-03-23,1,1,1,5,67,0
2025-03-24,1,1,1,4,68,0
2025-03-25,1,1,1,3,69,0
2025-03-26,1,1,1,2,70,0
2025-03-27,1,1,1,1,71,0
2025-03-28,1,1,1,0,72,0
2025-03-29,0,0,0,-1,-1,1
2025-03-30,0,0,0,-1,-1,1
2025-03-31,0,0,0,-1,-1,1
2025-04-01,0,0,0,-1,-1,1
2025-04-02,0,0,0,-1,-1,1
2025-04-03,0,0,0,-1,-1,1
2025-04-04,0,0,0,-1,-1,1
2025-04-05,0,0,0,-1,-1,1
2025-04-06,0,0,0,-1,-1,1
2025-04-07,0,0,0,-1,-1,1
2025-04-08,1,0,2,80,0,0
2025-04-09,1,0,2,79,1,0
2025-04-10,1,0,2,78,2,0
2025-04-11,1,0,2,77,3,0
2025-04-12,1,0,2,76,4,0
2025-04-13,1,0,2,75,5,0
2025-04-14,1,0,2,74,6,0
2025-04-15,1,0,2,73,7,0
2025-04-16,1,0,2,72,8,0
2025-04-17,1,0,2,71,9,0
2025-04-18,1,0,2,70,10,0
2025-04-19,1,0,2,69,11,0
2025-04-20,1,0,2,68,12,0
2025-04-21,1,0,2,67,13,0
2025-04-22,1,0,2,66,14,0
2025-04-23,1,0,2,65,15,0
2025-04-24,1,0,2,64,16,0
2025-04-25,1,0,2,63,17,0
2025-04-26,1,0,2,62,18,0
2025-04-27,1,0,2,61,19,0
2025-04-28,1,0,2,60,20,0
2025-04-29,1,0,2,59,21,0
2025-04-30,1,0,2,58,22,0
2025-05-01,1,0,2,57,23,0
2025-05-02,1,0,2,56,24,0
2025-05-03,1,0,2,55,25,0
2025-05-04,1,0,2,54,26,0
2025-05-05,1,0,2,53,27,0
2025-05-06,1,0,2,52,28,0
2025-05-07,1,0,2,51,29,0
2025-05-08,1,0,2,50,30,0
2025-05-09,1,0,2,49,31,0
2025-05-10,1,0,2,48,32,0
2025-05-11,1,0,2,47,33,0
2025-05-12,1,0,2,46,34,0
2025-05-13,1,0,2,45,35,0
2025-05-14,1,0,2,44,36,0
2025-05-15,1,0,2,43,37,0
2025-05-16,1,0,2,42,38,0
2025-05-17,1,0,2,41,39,0
2025-05-18,1,0,2,40,40,0
2025-05-19,1,0,2,39,41,0
2025-05-20,1,0,2,38,42,0
2025-05-21,1,0,2,37,43,0
2025-05-22,1,0,2,36,44,0
2025-05-23,1,0,2,35,45,0
2025-05-24,1,0,2,34,46,0
2025-05-25,1,0,2,33,47,0
2025-05-26,1,0,2,32,48,0
2025-05-27,1,0,2,31,49,0
2025-05-28,1,0,2,30,50,0
2025-05-29,1,0,2,29,51,0
2025-05-30,1,0,2,28,52,0
2025-05-31,1,0,2,27,53,0
2025-06-01,1,0,2,26,54,0
2025-06-02,1,0,2,25,55,0
2025-06-03,1,0,2,24,56,0
2025-06-04,1,0,2,23,57,0
2025-06-05,1,0,2,22,58,0
2025-06-06,1,0,2,21,59,0
2025-06-07,1,1,2,20,60,0
2025-06-08,1,1,2,19,61,0
2025-06-09,1,1,2,18,62,0
2025-06-10,1,1,2,17,63,0
2025-06-11,1,1,2,16,64,0
2025-06-12,1,1,2,15,65,0
2025-06-13,1,1,2,14,66,0
2025-06-14,1,1,2,13,67,0
2025-06-15,1,1,2,12,68,0
2025-06-16,1,1,2,11,69,0
2025-06-17,1,1,2,10,70,0
2025-06-18,1,1,2,9,71,0
2025-06-19,1,1,2,8,72,0
2025-06-20,1,1,2,7,73,0
2025-06-21,1,1,2,6,74,0
2025-06-22,1,1,2,5,75,0
2025-06-23,1,1,2,4,76,0
2025-06-24,1,1,2,3,77,0
2025-06-25,1,1,2,2,78,0
2025-06-26,1,1,2,1,79,0
2025-06-27,1,1,2,0,80,0
2025-06-28,0,0,0,-1,-1,1
2025-06-29,0,0,0,-1,-1,1
2025-06-30,0,0,0,-1,-1,1
2025-07-01,0,0,0,-1,-1,1
2025-07-02,0,0,0,-1,-1,1
2025-07-03,0,0,0,-1,-1,1
2025-07-04,0,0,0,-1,-1,1
2025-07-05,0,0,0,-1,-1,1
2025-07-06,0,0,0,-1,-1,1
2025-07-07,0,0,0,-1,-1,1
2025-07-08,0,0,0,-1,-1,1
2025-07-09,0,0,0,-1,-1,1
2025-07-10,0,0,0,-1,-1,1
2025-07-11,0,0,0,-1,-1,1
2025-07-12,0,0,0,-1,-1,1
2025-07-13,0,0,0,-1,-1,1
2025-07-14,0,0,0,-1,-1,1
2025-07-15,0,0,0,-1,-1,1
2025-07-16,0,0,0,-1,-1,1
2025-07-17,0,0,0,-1,-1,1
2025-07-18,0,0,0,-1,-1,1
2025-07-19,0,0,0,-1,-1,1
2025-07-20,0,0,0,-1,-1,1
2025-07-21,0,0,0,-1,-1,1
2025-07-22,1,0,3,73,0,0
2025-07-23,1,0,3,72,1,0
2025-07-24,1,0,3,71,2,0
2025-07-25,1,0,3,70,3,0
2025-07-26,1,0,3,69,4,0
2025-07-27,1,0,3,68,5,0
2025-07-28,1,0,3,67,6,0
2025-07-29,1,0,3,66,7,0
2025-07-30,1,0,3,65,8,0
2025-07-31,1,0,3,64,9,0
2025-08-01,1,0,3,63,10,0
2025-08-02,1,0,3,62,11,0
2025-08-03,1,0,3,61,12,0
2025-08-04,1,0,3,60,13,0
2025-08-05,1,0,3,59,14,0
2025-08-06,1,0,3,58,15,0
2025-08-07,1,0,3,57,16,0
2025-08-08,1,0,3,56,17,0
2025-08-09,1,0,3,55,18,0
2025-08-10,1,0,3,54,19,0
2025-08-11,1,0,3,53,20,0
2025-08-12,1,0,3,52,21,0
2025-08-13,1,0,3,51,22,0
2025-08-14,1,0,3,50,23,0
2025-08-15,1,0,3,49,24,0
2025-08-16,1,0,3,48,25,0
2025-08-17,1,0,3,47,26,0
2025-08-18,1,0,3,46,27,0
2025-08-19,1,0,3,45,28,0
2025-08-20,1,0,3,44,29,0
2025-08-21,1,0,3,43,30,0
2025-08-22,1,0,3,42,31,0
2025-08-23,1,0,3,41,32,0
2025-08-24,1,0,3,40,33,0
2025-08-25,1,0,3,39,34,0
2025-08-26,1,0,3,38,35,0
2025-08-27,1,0,3,37,36,0
2025-08-28,1,0,3,36,37,0
2025-08-29,1,0,3,35,38,0
2025-08-30,1,0,3,34,39,0
2025-08-31,1,0,3,33,40,0
2025-09-01,1,0,3,32,41,0
2025-09-02,1,0,3,31,42,0
2025-09-03,1,0,3,30,43,0
2025-09-04,1,0,3,29,44,0
2025-09-05,1,0,3,28,45,0
2025-09-06,1,0,3,27,46,0
2025-09-07,1,0,3,26,47,0
2025-09-08,1,0,3,25,48,0
2025-09-09,1,0,3,24,49,0
2025-09-10,1,0,3,23,50,0
2025-09-11,1,0,3,22,51,0
2025-09-12,1,0,3,21,52,0
2025-09-13,1,1,3,20,53,0
2025-09-14,1,1,3,19,54,0
2025-09-15,1,1,3,18,55,0
2025-09-16,1,1,3,17,56,0
2025-09-17,1,1,3,16,57,0
2025-09-18,1,1,3,15,58,0
2025-09-19,1,1,3,14,59,0
2025-09-20,1,1,3,13,60,0
2025-09-21,1,1,3,12,61,0
2025-09-22,1,1,3,11,62,0
2025-09-23,1,1,3,10,63,0
2025-09-24,1,1,3,9,64,0
2025-09-25,1,1,3,8,65,0
2025-09-26,1,1,3,7,66,0
2025-09-27,1,1,3,6,67,0
2025-09-28,1,1,3,5,68,0
2025-09-29,1,1,3,4,69,0
2025-09-30,1,1,3,3,70,0
2025-10-01,1,1,3,2,71,0
2025-10-02,1,1,3,1,72,0
2025-10-03,1,1,3,0,73,0
2025-10-04,0,0,0,-1,-1,1
2025-10-05,0,0,0,-1,-1,1
2025-10-06,0,0,0,-1,-1,1
2025-10-07,0,0,0,-1,-1,1
2025-10-08,0,0,0,-1,-1,1
2025-10-09,0,0,0,-1,-1,1
2025-10-10,0,0,0,-1,-1,1
2025-10-11,0,0,0,-1,-1,1
2025-10-12,0,0,0,-1,-1,1
2025-10-13,1,0,4,58,0,0
2025-10-14,1,0,4,57,1,0
2025-10-15,1,0,4,56,2,0
2025-10-16,1,0,4,55,3,0
2025-10-17,1,0,4,54,4,0
2025-10-18,1,0,4,53,5,0
2025-10-19,1,0,4,52,6,0
2025-10-20,1,0,4,51,7,0
2025-10-21,1,0,4,50,8,0
2025-10-22,1,0,4,49,9,0
2025-10-23,1,0,4,48,10,0
2025-10-24,1,0,4,47,11,0
2025-10-25,1,0,4,46,12,0
2025-10-26,1,0,4,45,13,0
2025-10-27,1,0,4,44,14,0
2025-10-28,1,0,4,43,15,0
2025-10-29,1,0,4,42,16,0
2025-10-30,1,0,4,41,17,0
2025-10-31,1,0,4,40,18,0
2025-11-01,1,0,4,39,19,0
2025-11-02,1,0,4,38,20,0
2025-11-03,1,0,4,37,21,0
2025-11-04,1,0,4,36,22,0
2025-11-05,1,0,4,35,23,0
2025-11-06,1,0,4,34,24,0
2025-11-07,1,0,4,33,25,0
2025-11-08,1,0,4,32,26,0
2025-11-09,1,0,4,31,27,0
2025-11-10,1,0,4,30,28,0
2025-11-11,1,0,4,29,29,0
2025-11-12,1,0,4,28,30,0
2025-11-13,1,0,4,27,31,0
2025-11-14,1,0,4,26,32,0
2025-11-15,1,0,4,25,33,0
2025-11-16,1,0,4,24,34,0
2025-11-17,1,0,4,23,35,0
2025-11-18,1,0,4,22,36,0
2025-11-19,1,0,4,21,37,0
2025-11-20,1,1,4,20,38,0
2025-11-21,1,1,4,19,39,0
2025-11-22,1,1,4,18,40,0
2025-11-23,1,1,4,17,41,0
2025-11-24,1,1,4,16,42,0
2025-11-25,1,1,4,15,43,0
2025-11-26,1,1,4,14,44,0
2025-11-27,1,1,4,13,45,0
2025-11-28,1,1,4,12,46,0
2025-11-29,1,1,4,11,47,0
2025-11-30,1,1,4,10,48,0
2025-12-01,1,1,4,9,49,0
2025-12-02,1,1,4,8,50,0
2025-12-03,1,1,4,7,51,0
2025-12-04,1,1,4,6,52,0
2025-12-05,1,1,4,5,53,0
2025-12-06,1,1,4,4,54,0
2025-12-07,1,1,4,3,55,0
2025-12-08,1,1,4,2,56,0
2025-12-09,1,1,4,1,57,0
2025-12-10,1,1,4,0,58,0
2025-12-11,0,0,0,-1,-1,1
2025-12-12,0,0,0,-1,-1,1
2025-12-13,0,0,0,-1,-1,1
2025-12-14,0,0,0,-1,-1,1
2025-12-15,0,0,0,-1,-1,1
2025-12-16,0,0,0,-1,-1,1
2025-12-17,0,0,0,-1,-1,1
2025-12-18,0,0,0,-1,-1,1
2025-12-19,0,0,0,-1,-1,1
2025-12-20,0,0,0,-1,-1,1
2025-12-21,0,0,0,-1,-1,1
2025-12-22,0,0,0,-1,-1,1
2025-12-23,0,0,0,-1,-1,1
2025-12-24,0,0,0,-1,-1,1
2025-12-25,0,0,0,-1,-1,1
2025-12-26,0,0,0,-1,-1,1
2025-12-27,0,0,0,-1,-1,1
2025-12-28,0,0,0,-1,-1,1
2025-12-29,0,0,0,-1,-1,1
2025-12-30,0,0,0,-1,-1,1
2025-12-31,0,0,0,-1,-1,1
2026-01-01,0,0,0,-1,-1,1
2026-01-02,0,0,0,-1,-1,1
2026-01-03,0,0,0,-1,-1,1
2026-01-04,0,0,0,-1,-1,1
2026-01-05,0,0,0,-1,-1,1
2026-01-06,0,0,0,-1,-1,1
2026-01-07,0,0,0,-1,-1,1
2026-01-08,0,0,0,-1,-1,1
2026-01-09,0,0,0,-1,-1,1
2026-01-10,0,0,0,-1,-1,1
2026-01-11,0,0,0,-1,-1,1
2026-01-12,0,0,0,-1,-1,1
2026-01-13,0,0,0,-1,-1,1
2026-01-14,1,0,1,72,0,0
2026-01-15,1,0,1,71,1,0
2026-01-16,1,0,1,70,2,0
2026-01-17,1,0,1,69,3,0
2026-01-18,1,0,1,68,4,0
2026-01-19,1,0,1,67,5,0
2026-01-20,1,0,1,66,6,0
2026-01-21,1,0,1,65,7,0
2026-01-22,1,0,1,64,8,0
2026-01-23,1,0,1,63,9,0
2026-01-24,1,0,1,62,10,0
2026-01-25,1,0,1,61,11,0
2026-01-26,1,0,1,60,12,0
2026-01-27,1,0,1,59,13,0
2026-01-28,1,0,1,58,14,0
2026-01-29,1,0,1,57,15,0
2026-01-30,1,0,1,56,16,0
2026-01-31,1,0,1,55,17,0
