alpha,beta,gamma,total_cost_mean,holding_mean,ordering_mean,stockout_mean,expiry_mean,stockout_incidence_pct_mean,n_orders_mean,n_stockout_events_mean,total_cost_std,holding_std,ordering_std,stockout_std,expiry_std,stockout_incidence_pct_std,n_orders_std,n_stockout_events_std
0.5,0.3,0.5,1866842.388532098,35679.84036793656,37312.5,1793850.0481641614,0.0,84.8800505050505,68.75,1027.125,592125.9134108995,1357.6838418085517,3395.6642522908114,596517.0417665564,0.0,6.570424370549647,5.67576300723398,279.05577399509224
0.5,0.3,1.5,945514.0167525231,58203.934770398744,21131.25,866178.8319821244,0.0,69.79166666666666,39.125,573.375,285513.32087142207,2248.2174204864536,903.144308987851,287989.28905711684,0.0,15.167102071566557,1.7268882005337975,233.4657744877027
0.5,0.3,2.5,966954.4161972015,80111.81478512587,18006.25,868836.3514120757,0.0,67.45580808080808,33.625,544.25,347322.29884014884,3779.631933583544,596.6798016644151,351091.4675551281,0.0,18.66805998365341,1.0606601717798212,294.9298948176377
0.5,1.15,0.5,544929.7697388667,49848.071614422646,48818.75,446262.9481244441,0.0,55.776515151515156,89.375,303.875,245302.78094463501,2009.54024459191,1811.8533329163263,247716.55383190216,0.0,18.517640535179748,3.0676887530703447,120.73280711673075
0.5,1.15,1.5,387736.3355834005,76506.31600202058,22668.75,288561.26958137995,0.0,37.46843434343434,42.375,192.5,161400.15136065078,2704.3393188331574,549.6346188930554,163760.9337803816,0.0,24.201029435679878,1.0606601717798212,144.10016357678828
0.5,1.15,2.5,571296.4647706368,102082.38023517876,18681.25,450532.834535458,0.0,47.22222222222222,35.125,244.5,215469.70744751103,2656.9178198448385,526.4011913794594,216937.7108582794,0.0,17.636523969128504,0.9910312089651149,91.00549433962765
0.5,2.0,0.5,317196.0047785505,66651.6178146828,56293.75,194250.63696386767,0.0,32.73358585858586,103.375,163.5,107652.50940251203,1830.4380516793,1243.3932546520773,109138.28868279677,0.0,17.00482169971097,1.9226098333849673,90.84523731521176
0.5,2.0,1.5,351066.3151867915,95739.1167899902,24681.25,230645.9483968013,0.0,40.088383838383834,46.125,196.375,98615.49884191668,2581.535057159456,808.410035634322,100637.87519551681,0.0,10.262729587258661,1.4577379737113252,50.97040457811908
0.5,2.0,2.5,443271.19462248555,127578.41585295914,18818.75,296874.0287695264,0.0,38.41540404040404,35.375,187.625,227487.65623438713,4764.532273640919,734.8165465902746,231922.8690340625,0.0,15.45301130517386,1.407885953173359,77.14353504993143
1.0,0.3,0.5,1730196.270398728,37155.61781656808,39006.25,1654034.4025821602,0.0,87.02651515151516,71.625,916.25,296709.40117983136,1193.39257975429,1928.2555958319278,298297.9909082323,0.0,4.274720529202002,3.2486260832190936,225.68229881849396
1.0,0.3,1.5,1038558.8164130889,59240.39090821638,21281.25,958037.1755048728,0.0,75.18939393939394,39.625,587.125,202490.4781137887,1783.296352624266,744.9532583611251,204003.0217596063,0.0,10.899826045463264,1.407885953173359,192.6865978733342
1.0,0.3,2.5,793937.7376360861,86334.25849915243,18393.75,689209.7291369336,0.0,62.18434343434343,34.375,411.5,403029.68881670793,3788.4823379016307,485.09019779830635,406417.3938116764,0.0,17.1710540148664,0.9161253813129043,196.01967831244465
1.0,1.15,0.5,439815.4181832102,53127.5004961411,50543.75,336144.16768706904,0.0,49.7790404040404,92.875,282.0,123038.68322590951,2025.8787152347727,1837.2023568458646,125436.16561106073,0.0,19.470633915501935,2.799872446074234,112.38454392969575
1.0,1.15,1.5,396888.13029922196,78419.03534262069,22637.5,295831.5949566013,0.0,43.30808080808081,42.25,228.875,158940.1694813794,3954.063838894053,958.3281573359186,162941.38664211205,0.0,23.88657783927265,1.8322507626258087,139.70523816746663
1.0,1.15,2.5,399544.66915752983,109712.00243161013,18700.0,271132.6667259197,0.0,38.85732323232323,35.0,189.875,111770.40403352804,1846.9120632701936,483.29228068677924,112266.19261630044,0.0,18.615282278623262,0.9258200997725514,97.60479715962443
1.0,2.0,0.5,311091.42735147884,70049.12683477846,57637.5,183404.80051670037,0.0,33.39646464646465,105.75,167.125,89230.72086679866,2561.7992130117855,736.1822367554691,91714.54634376994,0.0,14.01507026483475,1.5811388300841898,75.0113086712359
1.0,2.0,1.5,340520.1735561411,98719.5079029892,24593.75,217206.91565315187,0.0,34.217171717171716,45.875,166.875,102455.00965777511,5011.10880413752,791.218544849832,106231.05620279089,0.0,27.58954985466891,1.3562026818605375,132.82366129571943
1.0,2.0,2.5,358098.8568587277,131596.07842888814,18756.25,207746.52842983956,0.0,33.11237373737374,35.125,163.0,115493.6968744331,4310.375303189758,489.4877059597251,115618.79729673435,0.0,22.301379702851996,0.9910312089651149,113.99122773266372
1.5,0.3,0.5,1229287.424917856,39974.89011199981,43175.0,1146137.5348058562,0.0,82.76515151515152,79.0,738.0,154948.58877862938,874.3973607212293,2562.643724192432,157413.86998762385,0.0,9.36704827698734,4.9856938190329,184.81110047056927
1.5,0.3,1.5,1011004.1289982325,61935.89913212714,21368.75,927699.4798661054,0.0,67.10858585858585,39.875,488.0,435816.0737215004,3323.9451393128093,991.3690029449176,439296.1951994425,0.0,18.380522947633246,1.6420805617960927,204.7095503390108
1.5,0.3,2.5,698406.8410253051,88924.92379034554,18393.75,591088.1672349595,0.0,57.986111111111114,34.375,365.125,208574.52353576213,3278.0204099758275,389.5395633675371,210740.5662056395,0.0,15.02104570838798,0.7440238091428449,138.39017048083394
1.5,1.15,0.5,418994.7057972164,55326.51416150501,51406.25,312261.94163571135,0.0,49.81060606060606,94.125,268.0,99384.43109525504,2246.759547036806,1995.7879754265339,101176.88913749828,0.0,20.460891004389694,3.6425069859723185,142.15384020741152
1.5,1.15,1.5,489742.1916899193,82446.81128506853,23050.0,384245.3804048507,0.0,43.87626262626262,43.0,237.0,193426.04206631126,3068.791167879158,580.0246300189083,196128.1439741889,0.0,18.53697045214012,0.9258200997725514,121.04898654204894
1.5,1.15,2.5,429538.4611642101,112601.83302450007,18756.25,298180.37813971005,0.0,39.64646464646464,35.125,203.875,130856.44186389491,4436.485506634929,778.4772223477612,134092.46928246488,0.0,23.814770509413304,1.5526475085202969,130.5805033576715
1.5,2.0,0.5,320792.00063574925,74943.17041527628,56775.0,189073.830220473,0.0,32.891414141414145,104.0,168.5,116771.6137870757,1430.9699132611063,1833.225105030554,118645.97803682904,0.0,23.862061607721817,3.295017884191656,127.76652814522947
1.5,2.0,1.5,369760.26926236786,101536.94690251126,24875.0,243348.32235985657,0.0,43.213383838383834,46.5,211.625,112187.76535557314,3988.84507112474,772.7501906456298,115978.54746438237,0.0,21.9986778300736,1.5118578920369088,115.59156852593408
1.5,2.0,2.5,373891.176396033,135766.80139603303,19375.0,218749.375,0.0,40.34090909090909,36.5,216.375,132528.60513509324,4656.165806089694,563.1543812693435,136333.05448783192,0.0,25.45007505008197,1.0690449676496976,155.55516935893104
