method,supply_policy,staff_policy,inv_forecast,sched_forecast,total_cost_mean,inventory_cost_mean,scheduling_cost_mean,holding_mean,ordering_mean,stockout_mean,expiry_mean,payroll_mean,locum_mean,n_stockout_events_mean,stockout_incidence_pct_mean,coverage_pct_mean,n_weeks_mean,total_cost_std,inventory_cost_std,scheduling_cost_std,holding_std,ordering_std,stockout_std,expiry_std,payroll_std,locum_std,n_stockout_events_std,stockout_incidence_pct_std,coverage_pct_std,n_weeks_std,weekly_total,weekly_inv,weekly_sch,annual_total,annual_inv,annual_sch,annual_ci_half,saving_vs_naive_zar,saving_vs_naive_pct
Naive supply + Busy-day staffing,naive,busy_day,,,44795702.22884234,3967483.748842339,40828218.480000004,28416.837529208373,53840.0,3885226.9113131305,0.0,9378618.480000002,31449600.0,2607.0,95.40404040404039,46.93877551020404,56.0,379660.4311277733,379660.43112777383,0.0,518.5467123647387,6448.585116132065,385065.44923359004,0.0,0.0,0.0,149.9383206521935,0.8260316784745518,0.0,0.0,799923.2540864703,70847.92408647035,729075.3300000001,41596009.21249646,3684092.052496458,37911917.160000004,437738.496811457,0.0,0.0
Naive supply + Average staffing,naive,average,,,32094902.22884234,3967483.748842339,28127418.480000008,28416.837529208373,53840.0,3885226.9113131305,0.0,9378618.480000002,18748800.0,2607.0,95.40404040404039,59.74025974025973,56.0,379660.431127773,379660.43112777383,4.16500117164066e-09,518.5467123647387,6448.585116132065,385065.44923359004,0.0,0.0,0.0,149.9383206521935,0.8260316784745518,7.944109290391274e-15,0.0,573123.2540864703,70847.92408647035,502275.33000000013,29802409.21249646,3684092.052496458,26118317.160000008,437738.49681145657,11793600.0,28.35271994424146
Textbook supply + Busy-day staffing,textbook,busy_day,,,42539100.61261471,1710882.1326147106,40828218.480000004,44175.33229834474,24170.0,1642536.800316366,0.0,9378618.480000002,31449600.0,821.0,82.42424242424242,46.93877551020404,56.0,398050.6327978297,398050.63279782864,0.0,1845.0046863764062,978.9024466207039,400470.8226429454,0.0,0.0,0.0,197.56138286618668,4.491117422250134,0.0,0.0,759626.7966538342,30551.46665383412,729075.3300000001,39500593.42599937,1588676.2659993742,37911917.160000004,458941.9159067716,2095415.7864970863,5.037540442383525
Textbook supply + Average staffing,textbook,average,,,29838300.612614714,1710882.1326147106,28127418.480000008,44175.33229834474,24170.0,1642536.800316366,0.0,9378618.480000002,18748800.0,821.0,82.42424242424242,59.74025974025973,56.0,398050.632797829,398050.63279782864,4.16500117164066e-09,1845.0046863764062,978.9024466207039,400470.8226429454,0.0,0.0,0.0,197.56138286618668,4.491117422250134,7.944109290391274e-15,0.0,532826.7966538342,30551.46665383412,502275.33000000013,27706993.425999377,1588676.2659993742,26118317.160000008,458941.9159067708,13889015.786497083,33.39026038662498
"Forecast (s,S) + Average staffing",forecast_sS,average,"[51.18893051 51.01931    55.73270416 55.39725494 51.45721436 61.51816177
 58.542099   61.35480499 58.30041885 61.02978516 55.46156311 55.26284409
 61.91630936 60.46488953 61.48713684 58.58932114 61.01224136 57.38600922
 56.29750824 63.62571335 60.91674805 61.04722595 60.03482819 61.47718048
 60.87931061 59.77577972 70.86881256 64.82997131 67.8737793  67.93338013
 65.77400208 61.38128281 60.32741928 74.16551208 68.54629517 72.17828369
 71.44541931 72.79026031 67.71626282 67.3561554  77.01351166 73.26309967
 66.08677673 60.65940475 64.9466629  55.66744614 54.67802048 63.61858368
 61.96195984 59.89144897 58.76284027 60.28653336 57.29973984 60.47927856
 67.14339447 66.38134766 64.80966187 61.67991257 62.18564606 61.34783173
 58.27314758 78.12549591 66.62698364 67.13000488 68.64258575 67.63604736
 60.38822174 59.84755707 71.3934021  66.81202698 66.60204315 65.26319122
 66.19469452 62.98337936 60.6301384  70.57402039 66.65415192 68.14648438
 63.1491394  63.96485901 56.34321594 54.89175034 72.39000702 68.09634399
 66.43465424 63.46426773 64.21498871 62.71020508 61.24829865 71.80833435
 63.20254898 66.41700745 60.37509155 60.62440491 55.12557983 56.58365631
 67.32401276 66.6954422  66.86788177 60.85543442 62.57243347 56.10562515
 56.73064423 67.76464844 67.41344452 59.38323593 63.16606522 59.90879059
 53.73129654 52.46813583 66.27580261 64.10483551 64.51718903 60.05209351
 58.51839828 54.79323578 57.90828323 70.44281006 65.47328949 67.08740997
 61.44691849 63.22335052 60.23389816 61.36987686 74.24017334 70.35089874
 65.74078369 69.33355713 69.36828613 67.24576569 66.94346619 75.75886536
 68.72395325 75.34635925 73.28889465 73.35003662 71.40247345 69.71031952
 77.23432922 71.25879669 69.4499588  71.41908264 72.62167358 69.86486053
 64.00852966 71.58979034 67.78665924 72.04123688 72.61370087 72.91877747
 65.73014832 66.10421753 76.35306549 80.72676849 72.77250671 67.17326355
 72.59963226 68.77541351 70.34192657 77.60960388 74.59802246 70.74059296
 70.5499115  69.66759491 66.02451324 65.30592346 73.36642456 66.99645233
 65.75139618 68.50370026 68.4438858  64.272995   63.60562134 76.00416565
 71.01846313 66.6654892  63.92840958 64.1918869  61.40041351 59.69863892
 70.1802597  69.54891205 68.46793365 67.75200653 68.64307404 62.01620483
 63.7579422  75.04150391 70.5763092  66.46673584 67.77825928 66.02426147
 62.6204567  63.16017914 73.40113068 72.64940643 73.95211029 67.28624725
 66.44600677 66.40045929 69.90197754 80.13676453 76.1153717  72.35578156
 71.19449615 73.75537109 70.98317719 68.22657013 79.87761688 75.81562042
 72.63359833 72.74894714 72.75854492 68.34540558 68.68786621 81.06495667
 72.59265137 73.64752197 69.94308472 73.1185379  63.979702   67.48783875
 78.17111969 67.70075989 64.6964798  67.33542633 71.76462555 62.85097885
 66.68626404 76.03175354 71.54505157 70.35002899 70.24468231 70.49311066
 65.00292206 66.69412231 78.17223358 76.07154083 75.57522583 73.76442719
 73.15795135 67.36677551 67.1105957  79.08135223 80.00837708 75.08381653
 68.71245575 72.94524384 68.74497223 67.30163574 79.01763153 76.04029846
 73.66969299 72.19750214 68.36988831 63.48955917 64.26843262 79.68539429
 74.4966507  71.25134277 70.92126465 70.61035919 70.22462463 66.71705627
 79.87101746 70.70317078 65.01960754 64.00749969 62.78747177 55.06221008
 51.44641876 56.43341446 62.9194603  61.06426239 65.6051178  62.07537079
 55.36636353 54.49995041 68.33449554 68.81608582 70.24552155 65.1325531
 63.29204559 61.3919487  62.88356781 75.64239502 71.85852814 71.19324493
 64.49340057 62.16851807 61.2608757  57.67901993 67.74478149 64.39981079
 64.6844635  61.69477844 62.73777008 59.38092041 60.21298981 76.19617462
 73.75652313 69.1206665  69.15052795 68.90538025 65.22029114 66.17518616
 77.67573547 74.3368454  75.29544067 73.59706116 73.10916138 69.02468872
 67.51547241 81.03155518 76.72302246 72.19403839 72.63426208 73.64176178
 68.93741608 66.10855103 76.34442902 75.91616821 72.17671967 74.5608139
 73.95519257 70.90555573 68.5111084  78.71675873 73.06787872 70.47762299
 72.99302673 69.89461517 67.40687561 66.61524963 82.50741577 75.75354004
 75.38299561 73.42088318 73.7497406  69.60263062 71.07822418 81.26262665
 74.11484528 71.11699677 70.32997131 71.37237549 64.08348083 64.79707336
 77.81977081 70.41509247 72.26180267 75.8166275  71.75502777 71.12781525
 64.73129272 73.66570282 70.64356232 72.97608185 58.82548904 54.95584488
 51.83187485 53.11243057 70.59742737 68.64319611 66.60923767 55.35596466
 61.03118515 60.57758713 56.68878174 70.37281799 70.71131134 72.2388382
 65.31965637 69.9008255  62.95990372 61.93259811 76.35416412 73.23159027
 67.95362091 68.74656677 67.51023102 59.61149216 61.00483322 69.65329742
 67.32834625 68.84742737 67.15247345 66.41847229 60.71917343 60.42273331
 74.31005096 73.78990936 70.91021729 71.40427399 71.1964798  64.74835205]",,29579414.06359563,1451995.5835956242,28127418.480000008,44335.745747894696,24560.0,1383099.8378477294,0.0,9378618.480000002,18748800.0,774.8,82.27272727272727,59.74025974025973,56.0,261522.78996096554,261522.78996096578,4.16500117164066e-09,1211.9857381567838,544.747647998594,262600.3212581246,0.0,0.0,0.0,111.86465035926228,5.698348568714481,7.944109290391274e-15,0.0,528203.8225642077,25928.492564207576,502275.33000000013,27466598.773338802,1348281.6133387939,26118317.160000008,301528.9020754551,14129410.439157657,33.96818758976723
Textbook supply + Forecast staffing,textbook,forecast,,"[51.18893051 51.01931    55.73270416 55.39725494 51.45721436 61.51816177
 58.542099   61.35480499 58.30041885 61.02978516 55.46156311 55.26284409
 61.91630936 60.46488953 61.48713684 58.58932114 61.01224136 57.38600922
 56.29750824 63.62571335 60.91674805 61.04722595 60.03482819 61.47718048
 60.87931061 59.77577972 70.86881256 64.82997131 67.8737793  67.93338013
 65.77400208 61.38128281 60.32741928 74.16551208 68.54629517 72.17828369
 71.44541931 72.79026031 67.71626282 67.3561554  77.01351166 73.26309967
 66.08677673 60.65940475 64.9466629  55.66744614 54.67802048 63.61858368
 61.96195984 59.89144897 58.76284027 60.28653336 57.29973984 60.47927856
 67.14339447 66.38134766 64.80966187 61.67991257 62.18564606 61.34783173
 58.27314758 78.12549591 66.62698364 67.13000488 68.64258575 67.63604736
 60.38822174 59.84755707 71.3934021  66.81202698 66.60204315 65.26319122
 66.19469452 62.98337936 60.6301384  70.57402039 66.65415192 68.14648438
 63.1491394  63.96485901 56.34321594 54.89175034 72.39000702 68.09634399
 66.43465424 63.46426773 64.21498871 62.71020508 61.24829865 71.80833435
 63.20254898 66.41700745 60.37509155 60.62440491 55.12557983 56.58365631
 67.32401276 66.6954422  66.86788177 60.85543442 62.57243347 56.10562515
 56.73064423 67.76464844 67.41344452 59.38323593 63.16606522 59.90879059
 53.73129654 52.46813583 66.27580261 64.10483551 64.51718903 60.05209351
 58.51839828 54.79323578 57.90828323 70.44281006 65.47328949 67.08740997
 61.44691849 63.22335052 60.23389816 61.36987686 74.24017334 70.35089874
 65.74078369 69.33355713 69.36828613 67.24576569 66.94346619 75.75886536
 68.72395325 75.34635925 73.28889465 73.35003662 71.40247345 69.71031952
 77.23432922 71.25879669 69.4499588  71.41908264 72.62167358 69.86486053
 64.00852966 71.58979034 67.78665924 72.04123688 72.61370087 72.91877747
 65.73014832 66.10421753 76.35306549 80.72676849 72.77250671 67.17326355
 72.59963226 68.77541351 70.34192657 77.60960388 74.59802246 70.74059296
 70.5499115  69.66759491 66.02451324 65.30592346 73.36642456 66.99645233
 65.75139618 68.50370026 68.4438858  64.272995   63.60562134 76.00416565
 71.01846313 66.6654892  63.92840958 64.1918869  61.40041351 59.69863892
 70.1802597  69.54891205 68.46793365 67.75200653 68.64307404 62.01620483
 63.7579422  75.04150391 70.5763092  66.46673584 67.77825928 66.02426147
 62.6204567  63.16017914 73.40113068 72.64940643 73.95211029 67.28624725
 66.44600677 66.40045929 69.90197754 80.13676453 76.1153717  72.35578156
 71.19449615 73.75537109 70.98317719 68.22657013 79.87761688 75.81562042
 72.63359833 72.74894714 72.75854492 68.34540558 68.68786621 81.06495667
 72.59265137 73.64752197 69.94308472 73.1185379  63.979702   67.48783875
 78.17111969 67.70075989 64.6964798  67.33542633 71.76462555 62.85097885
 66.68626404 76.03175354 71.54505157 70.35002899 70.24468231 70.49311066
 65.00292206 66.69412231 78.17223358 76.07154083 75.57522583 73.76442719
 73.15795135 67.36677551 67.1105957  79.08135223 80.00837708 75.08381653
 68.71245575 72.94524384 68.74497223 67.30163574 79.01763153 76.04029846
 73.66969299 72.19750214 68.36988831 63.48955917 64.26843262 79.68539429
 74.4966507  71.25134277 70.92126465 70.61035919 70.22462463 66.71705627
 79.87101746 70.70317078 65.01960754 64.00749969 62.78747177 55.06221008
 51.44641876 56.43341446 62.9194603  61.06426239 65.6051178  62.07537079
 55.36636353 54.49995041 68.33449554 68.81608582 70.24552155 65.1325531
 63.29204559 61.3919487  62.88356781 75.64239502 71.85852814 71.19324493
 64.49340057 62.16851807 61.2608757  57.67901993 67.74478149 64.39981079
 64.6844635  61.69477844 62.73777008 59.38092041 60.21298981 76.19617462
 73.75652313 69.1206665  69.15052795 68.90538025 65.22029114 66.17518616
 77.67573547 74.3368454  75.29544067 73.59706116 73.10916138 69.02468872
 67.51547241 81.03155518 76.72302246 72.19403839 72.63426208 73.64176178
 68.93741608 66.10855103 76.34442902 75.91616821 72.17671967 74.5608139
 73.95519257 70.90555573 68.5111084  78.71675873 73.06787872 70.47762299
 72.99302673 69.89461517 67.40687561 66.61524963 82.50741577 75.75354004
 75.38299561 73.42088318 73.7497406  69.60263062 71.07822418 81.26262665
 74.11484528 71.11699677 70.32997131 71.37237549 64.08348083 64.79707336
 77.81977081 70.41509247 72.26180267 75.8166275  71.75502777 71.12781525
 64.73129272 73.66570282 70.64356232 72.97608185 58.82548904 54.95584488
 51.83187485 53.11243057 70.59742737 68.64319611 66.60923767 55.35596466
 61.03118515 60.57758713 56.68878174 70.37281799 70.71131134 72.2388382
 65.31965637 69.9008255  62.95990372 61.93259811 76.35416412 73.23159027
 67.95362091 68.74656677 67.51023102 59.61149216 61.00483322 69.65329742
 67.32834625 68.84742737 67.15247345 66.41847229 60.71917343 60.42273331
 74.31005096 73.78990936 70.91021729 71.40427399 71.1964798  64.74835205]",29104980.612614714,1710882.1326147106,27394098.480000008,44175.33229834474,24170.0,1642536.800316366,0.0,9378618.480000002,18015480.0,821.0,82.42424242424242,60.80593016873598,56.0,411834.5137891172,398050.63279782864,31809.621186049982,1845.0046863764062,978.9024466207039,400470.8226429454,0.0,0.0,31809.621186049982,197.56138286618668,4.491117422250134,0.04115815165389332,0.0,519731.7966538342,30551.46665383412,489180.33000000013,27026053.425999377,1588676.2659993742,25437377.160000008,474834.36834757804,14569955.786497083,35.027292431024634
"Forecast (s,S) + Forecast staffing (FULL APP)",forecast_sS,forecast,"[51.18893051 51.01931    55.73270416 55.39725494 51.45721436 61.51816177
 58.542099   61.35480499 58.30041885 61.02978516 55.46156311 55.26284409
 61.91630936 60.46488953 61.48713684 58.58932114 61.01224136 57.38600922
 56.29750824 63.62571335 60.91674805 61.04722595 60.03482819 61.47718048
 60.87931061 59.77577972 70.86881256 64.82997131 67.8737793  67.93338013
 65.77400208 61.38128281 60.32741928 74.16551208 68.54629517 72.17828369
 71.44541931 72.79026031 67.71626282 67.3561554  77.01351166 73.26309967
 66.08677673 60.65940475 64.9466629  55.66744614 54.67802048 63.61858368
 61.96195984 59.89144897 58.76284027 60.28653336 57.29973984 60.47927856
 67.14339447 66.38134766 64.80966187 61.67991257 62.18564606 61.34783173
 58.27314758 78.12549591 66.62698364 67.13000488 68.64258575 67.63604736
 60.38822174 59.84755707 71.3934021  66.81202698 66.60204315 65.26319122
 66.19469452 62.98337936 60.6301384  70.57402039 66.65415192 68.14648438
 63.1491394  63.96485901 56.34321594 54.89175034 72.39000702 68.09634399
 66.43465424 63.46426773 64.21498871 62.71020508 61.24829865 71.80833435
 63.20254898 66.41700745 60.37509155 60.62440491 55.12557983 56.58365631
 67.32401276 66.6954422  66.86788177 60.85543442 62.57243347 56.10562515
 56.73064423 67.76464844 67.41344452 59.38323593 63.16606522 59.90879059
 53.73129654 52.46813583 66.27580261 64.10483551 64.51718903 60.05209351
 58.51839828 54.79323578 57.90828323 70.44281006 65.47328949 67.08740997
 61.44691849 63.22335052 60.23389816 61.36987686 74.24017334 70.35089874
 65.74078369 69.33355713 69.36828613 67.24576569 66.94346619 75.75886536
 68.72395325 75.34635925 73.28889465 73.35003662 71.40247345 69.71031952
 77.23432922 71.25879669 69.4499588  71.41908264 72.62167358 69.86486053
 64.00852966 71.58979034 67.78665924 72.04123688 72.61370087 72.91877747
 65.73014832 66.10421753 76.35306549 80.72676849 72.77250671 67.17326355
 72.59963226 68.77541351 70.34192657 77.60960388 74.59802246 70.74059296
 70.5499115  69.66759491 66.02451324 65.30592346 73.36642456 66.99645233
 65.75139618 68.50370026 68.4438858  64.272995   63.60562134 76.00416565
 71.01846313 66.6654892  63.92840958 64.1918869  61.40041351 59.69863892
 70.1802597  69.54891205 68.46793365 67.75200653 68.64307404 62.01620483
 63.7579422  75.04150391 70.5763092  66.46673584 67.77825928 66.02426147
 62.6204567  63.16017914 73.40113068 72.64940643 73.95211029 67.28624725
 66.44600677 66.40045929 69.90197754 80.13676453 76.1153717  72.35578156
 71.19449615 73.75537109 70.98317719 68.22657013 79.87761688 75.81562042
 72.63359833 72.74894714 72.75854492 68.34540558 68.68786621 81.06495667
 72.59265137 73.64752197 69.94308472 73.1185379  63.979702   67.48783875
 78.17111969 67.70075989 64.6964798  67.33542633 71.76462555 62.85097885
 66.68626404 76.03175354 71.54505157 70.35002899 70.24468231 70.49311066
 65.00292206 66.69412231 78.17223358 76.07154083 75.57522583 73.76442719
 73.15795135 67.36677551 67.1105957  79.08135223 80.00837708 75.08381653
 68.71245575 72.94524384 68.74497223 67.30163574 79.01763153 76.04029846
 73.66969299 72.19750214 68.36988831 63.48955917 64.26843262 79.68539429
 74.4966507  71.25134277 70.92126465 70.61035919 70.22462463 66.71705627
 79.87101746 70.70317078 65.01960754 64.00749969 62.78747177 55.06221008
 51.44641876 56.43341446 62.9194603  61.06426239 65.6051178  62.07537079
 55.36636353 54.49995041 68.33449554 68.81608582 70.24552155 65.1325531
 63.29204559 61.3919487  62.88356781 75.64239502 71.85852814 71.19324493
 64.49340057 62.16851807 61.2608757  57.67901993 67.74478149 64.39981079
 64.6844635  61.69477844 62.73777008 59.38092041 60.21298981 76.19617462
 73.75652313 69.1206665  69.15052795 68.90538025 65.22029114 66.17518616
 77.67573547 74.3368454  75.29544067 73.59706116 73.10916138 69.02468872
 67.51547241 81.03155518 76.72302246 72.19403839 72.63426208 73.64176178
 68.93741608 66.10855103 76.34442902 75.91616821 72.17671967 74.5608139
 73.95519257 70.90555573 68.5111084  78.71675873 73.06787872 70.47762299
 72.99302673 69.89461517 67.40687561 66.61524963 82.50741577 75.75354004
 75.38299561 73.42088318 73.7497406  69.60263062 71.07822418 81.26262665
 74.11484528 71.11699677 70.32997131 71.37237549 64.08348083 64.79707336
 77.81977081 70.41509247 72.26180267 75.8166275  71.75502777 71.12781525
 64.73129272 73.66570282 70.64356232 72.97608185 58.82548904 54.95584488
 51.83187485 53.11243057 70.59742737 68.64319611 66.60923767 55.35596466
 61.03118515 60.57758713 56.68878174 70.37281799 70.71131134 72.2388382
 65.31965637 69.9008255  62.95990372 61.93259811 76.35416412 73.23159027
 67.95362091 68.74656677 67.51023102 59.61149216 61.00483322 69.65329742
 67.32834625 68.84742737 67.15247345 66.41847229 60.71917343 60.42273331
 74.31005096 73.78990936 70.91021729 71.40427399 71.1964798  64.74835205]","[51.18893051 51.01931    55.73270416 55.39725494 51.45721436 61.51816177
 58.542099   61.35480499 58.30041885 61.02978516 55.46156311 55.26284409
 61.91630936 60.46488953 61.48713684 58.58932114 61.01224136 57.38600922
 56.29750824 63.62571335 60.91674805 61.04722595 60.03482819 61.47718048
 60.87931061 59.77577972 70.86881256 64.82997131 67.8737793  67.93338013
 65.77400208 61.38128281 60.32741928 74.16551208 68.54629517 72.17828369
 71.44541931 72.79026031 67.71626282 67.3561554  77.01351166 73.26309967
 66.08677673 60.65940475 64.9466629  55.66744614 54.67802048 63.61858368
 61.96195984 59.89144897 58.76284027 60.28653336 57.29973984 60.47927856
 67.14339447 66.38134766 64.80966187 61.67991257 62.18564606 61.34783173
 58.27314758 78.12549591 66.62698364 67.13000488 68.64258575 67.63604736
 60.38822174 59.84755707 71.3934021  66.81202698 66.60204315 65.26319122
 66.19469452 62.98337936 60.6301384  70.57402039 66.65415192 68.14648438
 63.1491394  63.96485901 56.34321594 54.89175034 72.39000702 68.09634399
 66.43465424 63.46426773 64.21498871 62.71020508 61.24829865 71.80833435
 63.20254898 66.41700745 60.37509155 60.62440491 55.12557983 56.58365631
 67.32401276 66.6954422  66.86788177 60.85543442 62.57243347 56.10562515
 56.73064423 67.76464844 67.41344452 59.38323593 63.16606522 59.90879059
 53.73129654 52.46813583 66.27580261 64.10483551 64.51718903 60.05209351
 58.51839828 54.79323578 57.90828323 70.44281006 65.47328949 67.08740997
 61.44691849 63.22335052 60.23389816 61.36987686 74.24017334 70.35089874
 65.74078369 69.33355713 69.36828613 67.24576569 66.94346619 75.75886536
 68.72395325 75.34635925 73.28889465 73.35003662 71.40247345 69.71031952
 77.23432922 71.25879669 69.4499588  71.41908264 72.62167358 69.86486053
 64.00852966 71.58979034 67.78665924 72.04123688 72.61370087 72.91877747
 65.73014832 66.10421753 76.35306549 80.72676849 72.77250671 67.17326355
 72.59963226 68.77541351 70.34192657 77.60960388 74.59802246 70.74059296
 70.5499115  69.66759491 66.02451324 65.30592346 73.36642456 66.99645233
 65.75139618 68.50370026 68.4438858  64.272995   63.60562134 76.00416565
 71.01846313 66.6654892  63.92840958 64.1918869  61.40041351 59.69863892
 70.1802597  69.54891205 68.46793365 67.75200653 68.64307404 62.01620483
 63.7579422  75.04150391 70.5763092  66.46673584 67.77825928 66.02426147
 62.6204567  63.16017914 73.40113068 72.64940643 73.95211029 67.28624725
 66.44600677 66.40045929 69.90197754 80.13676453 76.1153717  72.35578156
 71.19449615 73.75537109 70.98317719 68.22657013 79.87761688 75.81562042
 72.63359833 72.74894714 72.75854492 68.34540558 68.68786621 81.06495667
 72.59265137 73.64752197 69.94308472 73.1185379  63.979702   67.48783875
 78.17111969 67.70075989 64.6964798  67.33542633 71.76462555 62.85097885
 66.68626404 76.03175354 71.54505157 70.35002899 70.24468231 70.49311066
 65.00292206 66.69412231 78.17223358 76.07154083 75.57522583 73.76442719
 73.15795135 67.36677551 67.1105957  79.08135223 80.00837708 75.08381653
 68.71245575 72.94524384 68.74497223 67.30163574 79.01763153 76.04029846
 73.66969299 72.19750214 68.36988831 63.48955917 64.26843262 79.68539429
 74.4966507  71.25134277 70.92126465 70.61035919 70.22462463 66.71705627
 79.87101746 70.70317078 65.01960754 64.00749969 62.78747177 55.06221008
 51.44641876 56.43341446 62.9194603  61.06426239 65.6051178  62.07537079
 55.36636353 54.49995041 68.33449554 68.81608582 70.24552155 65.1325531
 63.29204559 61.3919487  62.88356781 75.64239502 71.85852814 71.19324493
 64.49340057 62.16851807 61.2608757  57.67901993 67.74478149 64.39981079
 64.6844635  61.69477844 62.73777008 59.38092041 60.21298981 76.19617462
 73.75652313 69.1206665  69.15052795 68.90538025 65.22029114 66.17518616
 77.67573547 74.3368454  75.29544067 73.59706116 73.10916138 69.02468872
 67.51547241 81.03155518 76.72302246 72.19403839 72.63426208 73.64176178
 68.93741608 66.10855103 76.34442902 75.91616821 72.17671967 74.5608139
 73.95519257 70.90555573 68.5111084  78.71675873 73.06787872 70.47762299
 72.99302673 69.89461517 67.40687561 66.61524963 82.50741577 75.75354004
 75.38299561 73.42088318 73.7497406  69.60263062 71.07822418 81.26262665
 74.11484528 71.11699677 70.32997131 71.37237549 64.08348083 64.79707336
 77.81977081 70.41509247 72.26180267 75.8166275  71.75502777 71.12781525
 64.73129272 73.66570282 70.64356232 72.97608185 58.82548904 54.95584488
 51.83187485 53.11243057 70.59742737 68.64319611 66.60923767 55.35596466
 61.03118515 60.57758713 56.68878174 70.37281799 70.71131134 72.2388382
 65.31965637 69.9008255  62.95990372 61.93259811 76.35416412 73.23159027
 67.95362091 68.74656677 67.51023102 59.61149216 61.00483322 69.65329742
 67.32834625 68.84742737 67.15247345 66.41847229 60.71917343 60.42273331
 74.31005096 73.78990936 70.91021729 71.40427399 71.1964798  64.74835205]",28841774.06359563,1451995.5835956242,27389778.480000008,44335.745747894696,24560.0,1383099.8378477294,0.0,9378618.480000002,18011160.0,774.8,82.27272727272727,60.8125878223417,56.0,275785.38404417544,261522.78996096578,16018.988732126632,1211.9857381567838,544.747647998594,262600.3212581246,0.0,0.0,16018.988732126632,111.86465035926228,5.698348568714481,0.020703551445238243,0.0,515031.6797070648,25928.492564207576,489103.1871428573,26781647.34476737,1348281.6133387939,25433365.73142858,317973.29812713416,14814361.86772909,35.61486341646086
