date,actual,predicted,abs_error,pct_error
2024-07-01,79.0,65.4521991081351,13.547800891864895,17.149115052993537
2024-07-02,72.0,62.2861489695112,9.713851030488797,13.491459764567773
2024-07-03,62.0,61.067311812246764,0.9326881877532358,1.5043357866987674
2024-07-04,42.0,59.085185754211295,17.085185754211295,40.679013700503084
2024-07-05,59.0,58.051260404322505,0.9487395956774947,1.6080332130127026
2024-07-06,55.0,53.38883555627734,1.6111644437226573,2.9293898976775585
2024-07-07,42.0,52.881568329512376,10.881568329512376,25.908496022648514
2024-07-08,59.0,61.494803044216624,2.4948030442166242,4.228479735960381
2024-07-09,62.0,58.95919790646523,3.040802093534772,4.904519505701246
2024-07-10,51.0,60.14550955185079,9.145509551850793,17.932371670295673
2024-07-11,71.0,58.83255107883859,12.167448921161409,17.137252001635787
2024-07-12,58.0,61.13161561282914,3.131615612829137,5.399337263498512
2024-07-13,67.0,56.74976306705923,10.250236932940773,15.29886109394145
2024-07-14,53.0,53.545917248016195,0.5459172480161953,1.0300325434267836
2024-07-15,69.0,67.00330610953013,1.9966938904698708,2.8937592615505374
2024-07-16,48.0,64.74619624477886,16.746196244778858,34.88790884328929
2024-07-17,59.0,63.207211546721254,4.207211546721254,7.130867028341109
2024-07-18,67.0,63.837984631799486,3.162015368200514,4.719425922687334
2024-07-19,71.0,63.726656407595925,7.273343592404075,10.244145904794472
2024-07-20,65.0,59.91984179406932,5.08015820593068,7.815628009124122
2024-07-21,60.0,55.23028533199222,4.769714668007779,7.949524446679631
2024-07-22,68.0,69.54237058502916,1.5423705850291611,2.26819203680759
2024-07-23,69.0,65.84673947144222,3.15326052855778,4.569942795011276
2024-07-24,50.0,64.62568397236632,14.625683972366318,29.251367944732635
2024-07-25,49.0,63.65285941780401,14.65285941780401,29.90379473021226
2024-07-26,55.0,63.28812643459473,8.28812643459473,15.069320790172236
2024-07-27,57.0,60.83679033368631,3.8367903336863094,6.731211111730367
2024-07-28,62.0,56.93654743059939,5.06345256940061,8.166858982904209
2024-07-29,61.0,67.5726190083464,6.572619008346393,10.774785259584252
2024-07-30,62.0,62.49167308984611,0.4916730898461097,0.7930211126550157
2024-07-31,47.0,60.99894171960691,13.998941719606911,29.784982382142367
2024-08-01,50.0,60.45963601805371,10.459636018053708,20.919272036107415
2024-08-02,53.0,61.244959310380665,8.244959310380665,15.556527000718233
2024-08-03,70.0,59.481408423300444,10.518591576699556,15.02655939528508
2024-08-04,54.0,57.510930484672045,3.510930484672045,6.501723119763046
2024-08-05,95.0,64.85700280966773,30.142997190332267,31.729470726665543
2024-08-06,61.0,60.5906518218302,0.4093481781698003,0.671062587163607
2024-08-07,59.0,58.30619342404086,0.6938065759591368,1.1759433490832825
2024-08-08,60.0,59.20049229021684,0.7995077097831569,1.3325128496385947
2024-08-09,60.0,53.71801089351116,6.281989106488837,10.469981844148062
2024-08-10,61.0,56.571352278056736,4.428647721943264,7.260078232693876
2024-08-11,56.0,52.16481840752735,3.835181592472651,6.848538557986876
2024-08-12,69.0,71.15423593519964,2.1542359351996367,3.12208106550672
2024-08-13,59.0,64.99169544554933,5.991695445549325,10.155416009405636
2024-08-14,62.0,61.465662681570954,0.5343373184290456,0.8618343845629768
2024-08-15,66.0,61.335656421122785,4.664343578877215,7.067187240723054
2024-08-16,61.0,63.10355094604712,2.103550946047122,3.448444173847741
2024-08-17,47.0,62.15985134870868,15.159851348708678,32.25500286959293
2024-08-18,44.0,57.91080916561252,13.91080916561252,31.615475376392087
2024-08-19,74.0,68.04276075896554,5.957239241034458,8.050323298695213
2024-08-20,64.0,62.67225049771286,1.3277495022871406,2.074608597323657
2024-08-21,63.0,60.3037198172854,2.6962801827146023,4.279809813832703
2024-08-22,59.0,61.00779265482515,2.0077926548251526,3.4030383980087335
2024-08-23,58.0,60.17496484546627,2.1749648454662704,3.749939388734949
2024-08-24,43.0,57.62399713133952,14.623997131339522,34.009295654277956
2024-08-25,59.0,54.41697479959477,4.583025200405231,7.7678393227207305
2024-08-26,72.0,69.52214288733731,2.47785711266269,3.441468212031514
2024-08-27,48.0,64.56834602863087,16.56834602863087,34.517387559647645
2024-08-28,64.0,61.728909524072094,2.271090475927906,3.548578868637353
2024-08-29,63.0,60.19301408155317,2.806985918446827,4.455533203883853
2024-08-30,53.0,59.77765797125868,6.777657971258677,12.78803390803524
2024-08-31,39.0,55.669554520638286,16.669554520638286,42.74244748881612
2024-09-01,55.0,52.7230907101454,2.2769092898546006,4.13983507246291
2024-09-02,70.0,67.72946767034897,2.270532329651033,3.24361761378719
2024-09-03,66.0,60.2195793361735,5.780420663826497,8.758213127009844
2024-09-04,72.0,58.20759266887798,13.792407331122021,19.156121293225027
2024-09-05,61.0,58.57218987354267,2.427810126457331,3.980016600749723
2024-09-06,60.0,59.70336866135847,0.29663133864153224,0.4943855644025537
2024-09-07,53.0,55.12107387544723,2.1210738754472303,4.002026180089114
2024-09-08,63.0,53.41112038733844,9.588879612661557,15.22044382962152
2024-09-09,72.0,71.17215466870248,0.8278453312975245,1.149785182357673
2024-09-10,66.0,61.416171362325976,4.583828637674024,6.945194905566704
2024-09-11,76.0,60.879392119786864,15.120607880213136,19.89553668449097
2024-09-12,64.0,61.793471776604775,2.2065282233952246,3.4477003490550384
2024-09-13,75.0,63.11737329543575,11.882626704564252,15.843502272752335
2024-09-14,57.0,59.59116367781593,2.5911636778159277,4.54590118915075
2024-09-15,67.0,57.6556078450153,9.344392154984703,13.946853962663736
2024-09-16,86.0,75.18342108147799,10.816578918522012,12.577417347118619
2024-09-17,65.0,69.19024892075073,4.190248920750733,6.446536801154974
2024-09-18,57.0,67.65092708401271,10.650927084012707,18.68583698949598
2024-09-19,58.0,65.67323877404912,7.673238774049125,13.229722024222628
2024-09-20,54.0,63.70306685904852,9.70306685904852,17.96864233157133
2024-09-21,41.0,54.990827656074714,13.990827656074714,34.123969892865155
2024-09-22,49.0,55.430740508155154,6.430740508155154,13.123960220724804
2024-09-23,49.0,67.29576815903059,18.295768159030587,37.33830236536854
2024-09-24,54.0,54.51207734736613,0.5120773473661302,0.9482913840113523
2024-09-25,57.0,62.63269590863721,5.63269590863721,9.881922646731947
2024-09-26,67.0,61.819834057735676,5.180165942264324,7.731590958603468
2024-09-27,67.0,62.41791767829149,4.582082321708512,6.838928838370914
2024-09-28,69.0,57.58768081883458,11.412319181165422,16.539593016181772
2024-09-29,70.0,57.51130986020757,12.488690139792432,17.840985913989186
2024-09-30,65.0,70.92051679639734,5.920516796397337,9.108487379072825
2024-10-01,66.0,62.33440308573461,3.665596914265393,5.553934718583929
2024-10-02,63.0,60.966819481008145,2.0331805189918555,3.2272706650664373
2024-10-03,53.0,60.97421392102704,7.974213921027037,15.04568664344724
2024-10-04,57.0,61.29484149443669,4.294841494436689,7.534809639362612
2024-10-05,53.0,57.1564836124156,4.156483612415599,7.842421910218111
2024-10-06,53.0,57.20308222112371,4.203082221123708,7.930343813440959
2024-10-07,54.0,69.57298811635744,15.572988116357436,28.8388668821434
2024-10-08,60.0,66.08781060417905,6.0878106041790545,10.14635100696509
2024-10-09,71.0,63.632454178459305,7.367545821540695,10.376825100761542
2024-10-10,62.0,63.03521265525701,1.0352126552570127,1.669697831059698
2024-10-11,61.0,64.35415233993882,3.354152339938821,5.49861039334233
2024-10-12,53.0,62.205197341001366,9.205197341001366,17.3682968698139
2024-10-13,62.0,60.18118334359929,1.8188166564007133,2.933575252259215
2024-10-14,57.0,72.20371377752822,15.203713777528222,26.673182065838986
2024-10-15,60.0,63.98774948175085,3.9877494817508534,6.646249136251423
2024-10-16,59.0,59.955738971083186,0.9557389710831856,1.619896561157942
2024-10-17,51.0,59.12333707772684,8.123337077726838,15.928111917111446
2024-10-18,69.0,62.577104849618095,6.422895150381905,9.308543696205659
2024-10-19,55.0,58.22433297909983,3.2243329790998274,5.862423598363323
2024-10-20,64.0,57.86299615307325,6.137003846926753,9.58906851082305
2024-10-21,67.0,67.20794861592768,0.20794861592767688,0.3103710685487715
2024-10-22,57.0,62.598248316629004,5.598248316629004,9.821488274787725
2024-10-23,54.0,61.73351988676202,7.733519886762018,14.321333123633368
2024-10-24,71.0,60.37856007670549,10.62143992329451,14.959774539851423
2024-10-25,84.0,63.375835535770065,20.624164464229935,24.552576743130874
2024-10-26,61.0,58.51755461967488,2.4824453803251174,4.069582590696914
2024-10-27,69.0,58.04131919504012,10.958680804959883,15.882146094144758
2024-10-28,66.0,71.06659880324057,5.066598803240566,7.676664853394797
2024-10-29,55.0,64.73019258120716,9.730192581207163,17.69125923855848
2024-10-30,67.0,64.66053458725193,2.339465412748069,3.4917394220120435
2024-10-31,67.0,63.54502072308726,3.454979276912738,5.15668548792946
2024-11-01,62.0,66.40856490632852,4.408564906328522,7.11058855859439
2024-11-02,69.0,60.8931550786255,8.106844921374503,11.749050610687686
2024-11-03,58.0,62.91833770008278,4.91833770008278,8.47989258634962
2024-11-04,84.0,71.72337303066571,12.276626969334288,14.615032106350343
2024-11-05,53.0,65.67958615643049,12.679586156430489,23.923747464963185
2024-11-06,64.0,65.1013516375197,1.1013516375196986,1.720861933624529
2024-11-07,49.0,63.34926019449318,14.349260194493183,29.28420447855752
2024-11-08,78.0,64.71795643839602,13.282043561603984,17.028260976415368
2024-11-09,45.0,59.15406090411827,14.154060904118268,31.453468675818375
2024-11-10,49.0,59.32552197818569,10.32552197818569,21.07249383303202
2024-11-11,70.0,65.91310569100801,4.086894308991987,5.838420441417124
2024-11-12,66.0,59.80642173994812,6.193578260051879,9.384209484927089
2024-11-13,76.0,61.67928712728417,14.32071287271583,18.84304325357346
2024-11-14,61.0,59.353800249397466,1.646199750602534,2.6986881157418594
2024-11-15,63.0,63.14148678565168,0.14148678565167927,0.22458219944710994
2024-11-16,60.0,56.79978007435065,3.2002199256493498,5.33369987608225
2024-11-17,40.0,58.09100628184248,18.091006281842482,45.227515704606205
2024-11-18,92.0,67.34229169078324,24.65770830921676,26.801856857844303
2024-11-19,60.0,62.98440544316721,2.984405443167212,4.974009071945353
2024-11-20,64.0,64.82564469392854,0.8256446939285382,1.290069834263341
2024-11-21,53.0,62.52216585924466,9.522165859244659,17.966350677820113
2024-11-22,57.0,65.3200623170218,8.320062317021794,14.596600556178585
2024-11-23,59.0,58.320451189367304,0.6795488106326957,1.1517776451401622
2024-11-24,60.0,57.82812573073632,2.1718742692636823,3.6197904487728043
2024-11-25,75.0,71.29691117425077,3.7030888257492336,4.937451767665644
2024-11-26,55.0,63.16029526482719,8.160295264827191,14.836900481503983
2024-11-27,75.0,64.50628226346588,10.493717736534123,13.991623648712165
2024-11-28,60.0,60.14721460111133,0.14721460111132956,0.2453576685188826
2024-11-29,59.0,63.082100740407995,4.082100740407995,6.9188148142508386
2024-11-30,54.0,56.93518539767641,2.9351853976764133,5.43552851421558
2024-12-01,59.0,57.795327472801794,1.2046725271982055,2.0418178427088227
2024-12-02,61.0,72.3308572334154,11.3308572334154,18.575175792484263
2024-12-03,62.0,64.21056959400563,2.2105695940056336,3.5654348290413447
2024-12-04,53.0,67.70698134281412,14.706981342814117,27.749021401536073
2024-12-05,67.0,63.70366709845498,3.2963329015450213,4.919899853052271
2024-12-06,61.0,66.93968829315162,5.939688293151619,9.737193923199374
2024-12-07,56.0,59.46462870378937,3.464628703789373,6.186836971052451
2024-12-08,58.0,58.517426241321004,0.5174262413210045,0.8921142091741456
2024-12-09,73.0,68.56556761199577,4.434432388004225,6.074564915074281
2024-12-10,80.0,60.838118321038564,19.161881678961436,23.952352098701795
2024-12-11,75.0,62.825419065895744,12.174580934104256,16.232774578805675
2024-12-12,63.0,61.07303430200903,1.9269656979909726,3.058675711096782
2024-12-13,54.0,63.49309639120666,9.493096391206663,17.57980813186419
2024-12-14,49.0,54.01129632744303,5.011296327443027,10.227135362128626
2024-12-15,61.0,55.137925819153196,5.862074180846804,9.60995767351935
2024-12-16,55.0,66.44212408649149,11.44212408649149,20.803861975439073
2024-12-17,67.0,65.51908205463184,1.4809179453681622,2.210325291594272
2024-12-18,64.0,65.72146665786003,1.7214666578600344,2.6897916529063037
2024-12-19,44.0,61.7611928805008,17.7611928805008,40.36634745568364
2024-12-20,55.0,64.14771059807434,9.14771059807434,16.632201087407893
2024-12-21,56.0,57.515183597417796,1.5151835974177956,2.705684995388921
2024-12-22,55.0,58.16028359122716,3.160283591227163,5.745970165867569
2024-12-23,53.0,67.57022044080063,14.570220440800625,27.490981963774765
2024-12-24,41.0,60.99055312720843,19.99055312720843,48.757446651727875
2024-12-25,36.0,55.15560669767227,19.15560669767227,53.21001860464519
2024-12-26,48.0,51.31829293441375,3.3182929344137477,6.913110280028641
2024-12-27,46.0,61.05412794867998,15.054127948679977,32.72636510582604
2024-12-28,65.0,54.92709593003195,10.072904069968047,15.496775492258532
2024-12-29,49.0,55.74455717183772,6.7445571718377195,13.76440239150555
2024-12-30,82.0,62.777012130868826,19.222987869131174,23.442668133086798
2024-12-31,40.0,56.008905440645535,16.008905440645535,40.02226360161384
AVG,60.54891304347826,61.678484533200695,7.1469913605524615,12.509874067195103
