model,horizon,n_days,MAPE,MAE,RMSE,R2
arima,1,27,16.223853760476374,12.207394094371015,15.517409512145589,-0.8278897504831688
arima,2,27,11.783045244183139,6.603953799935324,8.41490992957621,0.07452746691204892
arima,3,26,12.641959378553844,7.332541331084505,9.478942048896226,0.00015092777307756933
arima,4,26,13.35775102140552,7.231578613140416,8.696463694799109,-0.14352807142775936
arima,5,26,9.789830302273707,6.18557001990555,8.414845386793562,-0.02201949503248013
arima,6,26,15.947498064056292,8.037559919559438,9.877783727553872,-0.3634109863156001
arima,7,26,13.484201548008368,6.857241163119667,8.853582114121851,-0.34759745138762677
sarimax,1,27,13.171959377792644,9.036739312693392,11.699537566288573,-0.039079907574383954
sarimax,2,27,12.840521140581531,6.969033818927897,9.147267255823877,-0.09357186030087039
sarimax,3,26,12.580098258419053,7.19463462946857,9.250920420411589,0.04767627987165368
sarimax,4,26,12.502541578996427,6.694440720783068,8.457569860528926,-0.08156504096160977
sarimax,5,26,11.278927842174978,6.9393056911770845,8.514115235748282,-0.04627523647148113
sarimax,6,26,13.458066261450593,7.023539252450481,8.543484381442711,-0.01994751129970762
sarimax,7,26,11.803839610486795,6.307222388971175,7.57184120107906,0.014344530356138918
nbglm,1,27,14.058535927399967,10.233082293836798,13.381593909839603,-0.3593373407714855
nbglm,2,27,12.609273032712826,7.415814950917013,9.580871353844753,-0.19970538402801896
nbglm,3,26,13.189896025778298,7.964960901126796,9.251587148403123,0.04753900406926104
nbglm,4,26,12.48722811278403,7.239352117488983,8.709735388626367,-0.14702101648398447
nbglm,5,26,10.500001596423415,6.847968696029399,9.010268520551463,-0.17176997688124263
nbglm,6,26,12.969517077819534,7.297732273457688,9.0459416769208,-0.14344513127814507
nbglm,7,26,12.66143967831498,7.269888455240126,8.540001562444704,-0.25382822512431513
ann,1,27,13.917483438198769,10.12453446564851,12.947649161525883,-0.27260434139101775
ann,2,27,11.923997848192073,6.519298270896629,8.769156148963146,-0.005032711513692778
ann,3,26,12.814069198372216,7.600922071016752,9.153377046382857,0.06765334702712789
ann,4,26,12.045127827155893,6.738307366004357,7.920248279938838,0.05149626501899196
ann,5,26,9.536994448537758,6.262358445387621,8.874963852957231,-0.1368419329685946
ann,6,26,13.312629910747436,7.0646736438457785,8.988194433731524,-0.12889274003572226
ann,7,26,10.766674579690108,5.804300454946664,7.273808483948429,0.09040960438075718
lstm,1,27,14.891563884933234,10.773075602325791,13.642041631931676,-0.4127661989533
lstm,2,27,13.58543142388684,7.224910377119859,9.78672747863783,-0.25181335519882353
lstm,3,26,13.48518559267761,7.625679293883002,9.806531305818247,-0.07015220297536517
lstm,4,26,12.667029990614628,6.843695218122229,8.34551012005917,-0.05309422194843827
lstm,5,26,9.421248826748469,6.125424534127989,8.876201703831285,-0.13715908105896868
lstm,6,26,13.384924163217823,7.12745106365834,8.737037631668318,-0.06668496943132718
lstm,7,26,11.646461258549481,5.866978655966106,8.99178214216682,-0.38999645884693956
hybrid_sarimax_xgb,1,27,12.953664371393328,9.219072478785595,11.41115515632475,0.01151342469956207
hybrid_sarimax_xgb,2,27,12.429455270232264,6.837826449302122,9.36891790235514,-0.14721140808061417
hybrid_sarimax_xgb,3,26,13.27047315584724,7.8058955682912075,9.713379138532312,-0.049918028235979905
hybrid_sarimax_xgb,4,26,11.520379074334425,6.329954519608217,8.134725681410371,-0.0005695412985384785
hybrid_sarimax_xgb,5,26,12.796321056956161,8.05855713535586,10.962868573432633,-0.7346637939672309
hybrid_sarimax_xgb,6,26,12.511394815672963,6.545482904664189,7.904859510144666,0.12683549166785424
hybrid_sarimax_xgb,7,26,12.974994142976795,7.159530728587872,8.270839754079116,-0.1760380000675239
hybrid_sarimax_lstm,1,27,12.993920980348792,9.035306299708466,11.629548512306272,-0.026685110999062456
hybrid_sarimax_lstm,2,27,12.446128315976196,6.759247077563994,9.121970444932193,-0.0875316676449458
hybrid_sarimax_lstm,3,26,12.962445382288085,7.541535935048189,9.467171957165009,0.002632430207161751
hybrid_sarimax_lstm,4,26,12.223586837092869,6.693773849106032,7.921691672373188,0.051150521346265077
hybrid_sarimax_lstm,5,26,10.214721438702247,6.410057718204036,8.631007669034336,-0.07520160404091603
hybrid_sarimax_lstm,6,26,11.791164487777056,6.2725633798243425,7.890662408259508,0.1299690764000052
hybrid_sarimax_lstm,7,26,12.009540595008911,6.5575815670057835,7.618139173362833,0.0022541120990227093
ensemble_E1,1,27,13.598428918298733,9.754258483341395,12.387715936554425,-0.1649144448199904
ensemble_E1,2,27,12.428383273263712,6.736008460370506,9.023015140787482,-0.06406452053339362
ensemble_E1,3,26,12.267091445073387,7.155001949968893,9.019107740387847,0.09480559365705188
ensemble_E1,4,26,11.776192741333299,6.4917520407387705,7.940725329356015,0.04658539234046033
ensemble_E1,5,26,9.094397075083508,5.885362282111917,8.304320506042194,0.004651643835057118
ensemble_E1,6,26,12.579826512310973,6.687962762660505,8.450651652681616,0.0020973804088701975
ensemble_E1,7,26,11.125476443094067,6.021308567332256,7.288882560233622,0.08663566876810302
ensemble_E2,1,27,13.22992192493927,9.486899469600118,12.154059377803168,-0.121383759297228
ensemble_E2,2,27,12.243154016120481,6.668319919965021,8.92199252553485,-0.040371150025728886
ensemble_E2,3,26,12.359891361571272,7.1827575578242335,9.098120669605594,0.07887600234008918
ensemble_E2,4,26,11.832992269511786,6.527258745541151,7.8686340947234505,0.0638182852900695
ensemble_E2,5,26,9.345546812165708,6.023132897656857,8.562786715228706,-0.058271625233070834
ensemble_E2,6,26,12.235245023751345,6.529030126432911,8.189711060779684,0.06277271705309106
ensemble_E2,7,26,11.256910089384615,6.126763868971794,7.515347123671401,0.028997760607548773
ensemble_E3,1,27,13.069550083439497,9.474783063242011,12.439396436379353,-0.17465456845974203
ensemble_E3,2,27,11.824071251769373,6.5432861142638785,8.749675940315901,-0.0005724189669014113
ensemble_E3,3,26,12.556791937647157,7.428140230301637,8.989915797101178,0.10065575554185746
ensemble_E3,4,26,11.634535553363424,6.5319194203644315,7.885710767778663,0.05975043402458624
ensemble_E3,5,26,8.96800737628798,5.874782031939693,8.480631534089586,-0.038061986136484816
ensemble_E3,6,26,12.537859277859503,6.754679528279981,8.467624579225104,-0.0019151709683375984
ensemble_E3,7,26,10.963501839321387,6.015268858566802,7.3337812074275455,0.07534858127386945
