trial,method,n_estimators,max_depth,learning_rate,subsample,cv_RMSE,cv_MAPE,cv_MAE,cv_R2,time_s,model,hidden_layers,units,dropout,batch_size,lookback
0,Grid,100.0,3.0,0.05,1.0,7.1425501063805354,9.140224210623193,5.598371233258928,-0.29974975574452334,4.2,XGBoost,,,,,
1,Grid,100.0,3.0,0.01,1.0,7.4386931993265595,10.02240094030838,6.099365125383651,-0.3643112303789217,0.9,XGBoost,,,,,
2,Grid,200.0,3.0,0.05,1.0,7.179913834879592,9.0110456691432,5.537462942940848,-0.33682744238638884,2.3,XGBoost,,,,,
3,Grid,300.0,3.0,0.05,1.0,7.314065443249842,9.241253560400034,5.69477549961635,-0.390148849465461,3.1,XGBoost,,,,,
4,Grid,500.0,3.0,0.01,1.0,7.0659468370480125,9.166325318170715,5.621853201729911,-0.25906311996437964,7.7,XGBoost,,,,,
5,Grid,500.0,3.0,0.05,1.0,7.7861504596929505,9.90748887179746,6.096799577985491,-0.6067207890213093,7.8,XGBoost,,,,,
6,Grid,200.0,5.0,0.05,0.85,7.7937091790111115,9.841589063235876,6.021349116734098,-0.6150517094688054,12.4,XGBoost,,,,,
7,Grid,300.0,5.0,0.05,1.0,8.387184828088802,10.2891723106268,6.3212613786969865,-0.863116949708424,8.4,XGBoost,,,,,
8,Grid,100.0,5.0,0.05,1.0,7.759265701502128,9.668565517990526,5.938228171212333,-0.6036426507833816,2.1,XGBoost,,,,,
9,Grid,300.0,3.0,0.05,0.85,7.696394554676073,9.84837407567908,6.0341026306152346,-0.605523154222315,3.1,XGBoost,,,,,
0,Random,100.0,8.0,0.1,0.85,8.432507747886538,10.417453892209537,6.467203085763114,-0.8431006183309947,4.1,XGBoost,,,,,
1,Random,200.0,8.0,0.01,1.0,8.503011153029973,10.73920784936627,6.637367466517857,-0.8062835269946088,8.2,XGBoost,,,,,
2,Random,100.0,3.0,0.1,1.0,7.128723100361666,8.83164764940875,5.452832249232701,-0.28356712956850544,0.8,XGBoost,,,,,
3,Random,300.0,8.0,0.1,1.0,9.056489564510207,11.01308648428783,6.809439413888114,-1.0448039366903612,13.4,XGBoost,,,,,
4,Random,300.0,3.0,0.3,0.85,9.574200211088103,11.980313419632669,7.400828334263393,-1.6058099185574957,2.4,XGBoost,,,,,
5,Random,300.0,5.0,0.01,1.0,7.706870672548282,9.715701342020438,6.012156895228794,-0.48849723469433365,4.8,XGBoost,,,,,
6,Random,500.0,6.0,0.05,1.0,8.533664225941754,10.649061179186765,6.572506059919084,-0.8720461798784696,9.7,XGBoost,,,,,
7,Random,300.0,5.0,0.05,0.7,8.145270798838819,10.518498730525286,6.466590118408203,-0.7939814683137885,4.8,XGBoost,,,,,
8,Random,100.0,6.0,0.3,0.7,7.219988475007116,9.598745036307188,5.9999765668596545,-0.3021866120650308,2.2,XGBoost,,,,,
9,Random,500.0,8.0,0.05,0.85,8.489752004117546,10.520332351318405,6.4848555428641195,-0.9104924468341462,20.8,XGBoost,,,,,
0,Optuna,200.0,8.0,0.3,0.7,8.177316195304064,10.426192543063205,6.419604056222099,-0.7285231636481424,5.2,XGBoost,,,,,
1,Optuna,300.0,5.0,0.1,0.85,8.071202126335386,10.458286133981968,6.4947256905691955,-0.5750766071491149,5.8,XGBoost,,,,,
2,Optuna,500.0,3.0,0.01,0.85,7.101799511818034,9.16880174308614,5.6323832920619425,-0.28101524074530526,4.2,XGBoost,,,,,
3,Optuna,100.0,5.0,0.1,1.0,7.778506688160681,9.527421841578615,5.856763022286552,-0.5489956406356554,1.9,XGBoost,,,,,
4,Optuna,300.0,8.0,0.05,0.85,8.4908525631646,10.51141940258068,6.480184609549386,-0.9136696371887091,12.3,XGBoost,,,,,
5,Optuna,200.0,5.0,0.3,0.85,9.070382966464686,11.275506435757602,6.817171587262836,-1.218256020362284,3.9,XGBoost,,,,,
6,Optuna,300.0,3.0,0.3,1.0,8.443685417967835,11.334137066207798,6.900150626046317,-0.8360539131922244,3.0,XGBoost,,,,,
7,Optuna,300.0,8.0,0.1,0.85,8.4305704962567,10.430522166417177,6.474803924560547,-0.8246207005822986,12.5,XGBoost,,,,,
8,Optuna,200.0,8.0,0.05,1.0,9.029759243215624,10.923491466344068,6.846385301862445,-1.0206168089904517,15.6,XGBoost,,,,,
9,Optuna,300.0,3.0,0.3,0.7,10.264311315726081,13.246296864085409,8.022146606445313,-2.1882471476971403,3.4,XGBoost,,,,,
0,Grid,,,0.001,,8.005084564347062,10.588730062019682,6.469937896728515,-0.6587683533998153,14.5,ANN,1.0,128.0,0.2,32.0,
1,Grid,,,0.005,,8.571318475253197,11.877220118778835,6.90432630266462,-1.1802537157669453,3.2,ANN,1.0,192.0,0.1,32.0,
2,Grid,,,0.005,,7.953016869239245,10.521907407324628,6.244402967180525,-0.8658509382221414,6.6,ANN,1.0,256.0,0.2,32.0,
3,Grid,,,0.001,,7.384524776077579,10.693023484037997,6.438043866838727,-0.43756382201497585,6.6,ANN,2.0,128.0,0.2,32.0,
4,Grid,,,0.002,,7.319933135168695,9.871351056841709,5.866123308454241,-0.4305325042392366,9.2,ANN,2.0,192.0,0.2,32.0,
5,Grid,,,0.005,,7.771137749592512,10.942481347248677,6.528155190604073,-0.5378536151373103,10.1,ANN,2.0,256.0,0.2,32.0,
6,Grid,,,0.001,,7.518902724579277,10.36107839600327,6.266618238176618,-0.5496079678913206,3.7,ANN,2.0,256.0,0.3,64.0,
7,Grid,,,0.002,,8.005724794573837,10.68571279834847,6.494225856236049,-0.6656471614363382,2.7,ANN,1.0,128.0,0.3,64.0,
8,Grid,,,0.005,,7.890578970914582,11.125593665190014,6.552371869768415,-0.8222225270682554,11.4,ANN,2.0,64.0,0.1,16.0,
9,Grid,,,0.001,,7.440115366430275,11.01050438256011,6.493763950892857,-0.5542897846453374,3.4,ANN,1.0,256.0,0.4,32.0,
0,Random,,,0.006546838871578803,,8.050799285952644,10.795506630901707,6.358449336460659,-0.8386391206686705,4.1,ANN,1.0,256.0,0.3,32.0,
1,Random,,,0.009295739575551345,,8.170798838336463,11.603195273232505,6.710122680664062,-1.0175213810784576,9.0,ANN,1.0,192.0,0.1,16.0,
2,Random,,,0.0007339216231845529,,7.425781817080361,9.901425349432035,6.055002593994141,-0.47404505728948526,8.1,ANN,2.0,256.0,0.3,64.0,
3,Random,,,0.008030064871219652,,8.05969186540332,11.203536843477146,6.667004721505302,-0.7612287125192596,7.7,ANN,2.0,128.0,0.3,32.0,
4,Random,,,0.0018874053315616273,,6.992050240503163,9.231228613243562,5.499960436139788,-0.3441958146380195,4.4,ANN,2.0,192.0,0.2,64.0,
5,Random,,,0.0006053383222993595,,7.964040427541695,11.004252956527012,6.724552699497768,-0.6752608311705007,3.8,ANN,1.0,64.0,0.1,32.0,
6,Random,,,0.004844677737096722,,7.179118877923012,9.776836697110815,5.868057904924665,-0.3239299846989286,7.3,ANN,2.0,256.0,0.2,32.0,
7,Random,,,0.007260179744876617,,8.036450544968357,11.28595372780863,6.678473227364677,-0.8395461048953778,3.5,ANN,2.0,128.0,0.1,64.0,
8,Random,,,0.0020238952437608886,,7.8663000555592735,10.883303514580064,6.4137850080217635,-0.7168564713264111,13.0,ANN,2.0,256.0,0.4,16.0,
9,Random,,,0.0038693425662390908,,7.415092645851649,10.205598126393799,6.19221921648298,-0.46868219651674015,6.7,ANN,1.0,64.0,0.3,16.0,
0,Optuna,,,0.0005318033256270141,,7.927963238376462,11.473872286169222,6.701762172154018,-0.7622016110928389,9.3,ANN,2.0,64.0,0.2,16.0,
1,Optuna,,,0.001960336986121068,,7.143564839615722,9.844885173208082,5.79687249319894,-0.4075103843827196,10.5,ANN,2.0,128.0,0.1,16.0,
2,Optuna,,,0.003883092140196443,,7.568119650918334,10.059858266254372,6.022070639474052,-0.6523323064945392,2.6,ANN,1.0,256.0,0.1,64.0,
3,Optuna,,,0.008342309693146735,,7.528721776981425,10.660324315126344,6.336759076799665,-0.5491320514869944,2.9,ANN,2.0,128.0,0.3,64.0,
4,Optuna,,,0.0007626348515257585,,7.294009799388567,10.436065775731786,6.180340140206473,-0.3933160203815231,3.0,ANN,2.0,192.0,0.1,64.0,
5,Optuna,,,0.0066358024852024525,,8.146451395759868,10.716297130638143,6.3247314453125,-0.8399815202410341,7.3,ANN,1.0,128.0,0.1,16.0,
6,Optuna,,,0.005035254556450075,,7.39031742624929,9.595742928907004,5.797350093296595,-0.3715616084760012,5.7,ANN,2.0,192.0,0.3,32.0,
7,Optuna,,,0.000992300660867254,,7.431976596715446,10.668725616727338,6.422894723074776,-0.45860065692256846,4.8,ANN,2.0,128.0,0.1,32.0,
8,Optuna,,,0.0012962896813527138,,7.787852028523292,10.37586809648099,6.351290021623884,-0.5350330486835891,3.4,ANN,1.0,128.0,0.4,64.0,
9,Optuna,,,0.0023655501778132412,,7.230519114198515,10.558110639336624,6.274183218819755,-0.4321015004866494,2.9,ANN,2.0,128.0,0.3,64.0,
0,Grid,,,0.001,,8.367420692513104,11.807509545822029,7.100308182765792,-0.9607182243335274,13.6,LSTM,,64.0,0.2,32.0,14.0
1,Grid,,,0.001,,8.149214727016865,10.977036526624122,6.697780281326264,-0.6634397783303643,16.8,LSTM,,128.0,0.2,32.0,14.0
2,Grid,,,0.001,,8.437378725381949,11.456742300665127,6.98987563711885,-0.9167171184939367,12.2,LSTM,,128.0,0.2,64.0,14.0
3,Grid,,,0.001,,8.37120510090213,11.288073736636571,6.8592472462942435,-0.9017768237463578,13.1,LSTM,,128.0,0.1,64.0,14.0
4,Grid,,,0.001,,8.52353699377147,11.854549697309984,7.1426411070635565,-1.0235867196866901,14.9,LSTM,,64.0,0.2,32.0,21.0
5,Grid,,,0.001,,8.349108536492754,11.048267365734313,6.825777700722417,-0.8461589044205903,19.1,LSTM,,128.0,0.2,32.0,21.0
6,Grid,,,0.001,,8.585127290909213,11.636593851274066,7.178189570552422,-0.9540200707716986,14.5,LSTM,,128.0,0.3,64.0,21.0
7,Grid,,,0.002,,7.592083652503176,9.708047325906827,6.018750447742675,-0.43717909505452945,14.4,LSTM,,128.0,0.3,32.0,14.0
8,Grid,,,0.0005,,8.325341504280043,11.841689923003369,7.134328748248488,-0.8918136116448363,10.7,LSTM,,64.0,0.1,32.0,21.0
9,Grid,,,0.005,,7.617935765559325,10.960630180319171,6.552600698707221,-0.6130955151348595,9.2,LSTM,,64.0,0.2,64.0,14.0
0,Random,,,0.006546838871578803,,7.913387180139064,10.624868726402024,6.451919500753017,-0.6198558368578856,13.7,LSTM,,128.0,0.2,32.0,14.0
1,Random,,,0.009295739575551345,,8.502586357417972,11.742346042629688,7.01329755910559,-1.0110064977549327,15.3,LSTM,,128.0,0.1,32.0,14.0
2,Random,,,0.0007339216231845529,,8.763090661396024,11.898816996497064,7.283433853873693,-1.0683297301288253,16.3,LSTM,,128.0,0.3,64.0,21.0
3,Random,,,0.008030064871219652,,8.086994001125252,11.37551311195011,6.893166783644498,-0.7750418473461623,12.7,LSTM,,64.0,0.2,32.0,21.0
4,Random,,,0.0018874053315616273,,8.08555291417911,10.568269696864112,6.458451423673081,-0.6834504845572895,17.7,LSTM,,128.0,0.2,64.0,21.0
5,Random,,,0.0006053383222993595,,7.836287431131618,11.114139341665538,6.647046690270047,-0.5579696322472796,5.1,LSTM,,64.0,0.1,64.0,14.0
6,Random,,,0.004844677737096722,,7.975333168844673,10.520786922994137,6.4683988551520155,-0.7832850327646523,14.1,LSTM,,128.0,0.1,64.0,21.0
7,Random,,,0.007260179744876617,,8.1254263863087,11.159844171691876,6.6971285436845704,-0.8578930689808762,7.3,LSTM,,64.0,0.1,64.0,21.0
8,Random,,,0.0020238952437608886,,8.287384615356446,11.371176430366585,6.9838597842098595,-0.7374901370219724,16.5,LSTM,,128.0,0.3,32.0,21.0
9,Random,,,0.0038693425662390908,,7.951102984252368,11.19883268988431,6.724667639507364,-0.7736994669557068,12.3,LSTM,,64.0,0.2,32.0,14.0
0,Optuna,,,0.0066971673533752435,,8.204495055178391,11.30705982099128,6.792852059458378,-0.8969196016029377,6.8,LSTM,,64.0,0.1,64.0,21.0
1,Optuna,,,0.0024082072654535423,,8.306808708571566,11.81836853750251,7.077414980996274,-0.8863607353020011,23.2,LSTM,,64.0,0.3,32.0,21.0
2,Optuna,,,0.002333481883618462,,7.5321052618579305,9.588480838746635,5.920531056031278,-0.36921805357475806,20.1,LSTM,,128.0,0.2,32.0,14.0
3,Optuna,,,0.0006699530280754896,,8.353549501248676,11.363565842872273,6.915695393416312,-0.8493514418778428,25.9,LSTM,,128.0,0.1,32.0,14.0
4,Optuna,,,0.002374619881840205,,8.2773032903843,11.251457550087954,6.906924476762138,-0.7264528326814197,20.6,LSTM,,128.0,0.2,32.0,21.0
5,Optuna,,,0.0008993931736681455,,8.216669110684453,11.702994334144487,7.04097509778736,-0.9084178097231765,9.5,LSTM,,64.0,0.2,64.0,14.0
6,Optuna,,,0.005529073188281503,,7.6732200340777625,11.017890447079314,6.608384406602942,-0.6322259699151246,8.6,LSTM,,64.0,0.2,64.0,14.0
7,Optuna,,,0.0006241720498669826,,8.381154808306663,11.443710632398805,7.0129041772012854,-0.8509981940259144,21.6,LSTM,,128.0,0.3,32.0,14.0
8,Optuna,,,0.0033763806178210083,,7.851108779677124,11.037195665749106,6.638843914902955,-0.7014253093888213,13.0,LSTM,,64.0,0.3,32.0,14.0
9,Optuna,,,0.0017997562632086157,,8.523139557477,12.350669980527709,7.410828664680952,-1.0430332616490783,13.4,LSTM,,64.0,0.1,64.0,21.0
