date,trend,seasonal,residual
2022-03-01,86.70694918607991,-2.441946060470241,0.7349968743903332
2022-03-02,85.31726977449468,-0.9759010943169963,-1.3413686801776805
2022-03-03,83.91954947729334,-17.918483933557372,-2.001065543735976
2022-03-04,82.51850785049906,5.576682578287595,1.9048095712133488
2022-03-05,81.12851294911523,-0.8035357348335227,1.6750227857182836
2022-03-06,79.7666525932551,4.2095264285954,1.0238209781495016
2022-03-07,78.4476748199044,8.525770445751043,1.0265547343445434
2022-03-08,77.15705576043325,-1.7201353978386846,-4.436920362594563
2022-03-09,76.00283179099722,2.5126626649910437,-1.5154944559882608
2022-03-10,75.04828527692118,-12.296433317505334,24.248148040584155
2022-03-11,74.46761433262287,0.6563025117769525,-0.12391684439982953
2022-03-12,74.14853480904821,-1.0796669475703002,-2.068867861477912
2022-03-13,73.83442726253004,1.9538172298214993,-0.7882444923515379
2022-03-14,73.40010987680621,6.463448651104532,-2.8635585279107403
2022-03-15,72.70925723552222,-1.0812450232288904,7.371987787706672
2022-03-16,71.88947760813996,5.595801672147089,10.514720719712955
2022-03-17,71.02055935370848,-7.089511981681419,1.0689526279729478
2022-03-18,70.07476047055887,-3.917650457441055,-5.157110013117816
2022-03-19,69.01730675120666,-1.103788172439686,1.0864814212330316
2022-03-20,67.84944075443329,-0.49405623929887094,-4.355384515134418
2022-03-21,66.73831764401154,4.299126395197177,1.9625559607912777
2022-03-22,66.0624846630769,-0.051921663901552895,-4.010562999175349
2022-03-23,65.80255343293996,8.361232269648749,-2.1637857025887115
2022-03-24,65.77834762461819,-1.8220438887613732,7.043696264143179
2022-03-25,65.87747308273461,-7.838781615266358,-2.0386914674682544
2022-03-26,66.07838902232433,-0.495585018402397,-8.582804003921936
2022-03-27,66.35024536276096,-2.955154789687865,7.604909426926909
2022-03-28,66.75328490126388,2.85204251379377,28.39467258494234
2022-03-29,67.08526719724318,1.7735097413217966,-1.8587769385649864
2022-03-30,67.3024914728593,8.485535714116516,-18.788027186975818
2022-03-31,67.57342628179332,-2.2638908693901,0.6904645875967788
2022-04-01,67.65283091406836,-6.673063152196312,0.020232238127945834
2022-04-02,67.46682693604755,0.6480149158606597,3.88515814809179
2022-04-03,67.28885445732399,-6.18563459596178,0.89678013863778
2022-04-04,66.96729828361903,2.0649342532298816,-4.032232536848909
2022-04-05,66.2945585377487,5.2924498548315135,0.4129916074197837
2022-04-06,65.45895298511165,7.78986304961832,3.7511839652700303
2022-04-07,64.4988760441763,-4.065126030898351,-1.433750013277951
2022-04-08,63.32634968542587,-4.755953255617883,23.429603570192015
2022-04-09,62.04475074951007,0.9152388933853887,5.040010357104535
2022-04-10,60.74949901931551,-8.655141756610538,-5.094357262704968
2022-04-11,59.3466980832014,0.968847274577712,4.684454642220885
2022-04-12,57.90819997534941,8.616371223669193,0.4754288009813976
2022-04-13,56.65387119983683,8.19492625660647,-5.8487974564433
2022-04-14,55.9080058484039,-5.452248325237988,-3.4557575231659143
2022-04-15,55.89380747084623,-3.741608972509998,1.847801501663774
2022-04-16,56.465586081311876,-1.1694170317885622,-3.2961690495233142
2022-04-17,57.356951117698145,-7.388371035708021,-9.968580081990126
2022-04-18,58.56477351914886,1.3133098210761087,-3.8780833402249684
2022-04-19,60.01981979212669,8.191531598499445,8.788648609373872
2022-04-20,61.54438180659563,8.073795310206572,2.381822883197799
2022-04-21,62.94848209181468,-4.4511962920901995,0.5027142002755198
2022-04-22,64.0358074611474,-3.469286774487518,0.4334793133401149
2022-04-23,64.49515752703451,-3.5789921185923323,-17.916165408442176
2022-04-24,64.23627549581386,-4.023354873907769,3.7870793780939067
2022-04-25,63.600336778814615,-0.26515668329944103,5.664819904484823
2022-04-26,63.00843810907448,4.666296588174084,1.3252653027514398
2022-04-27,62.301617939724025,8.069813420031824,-0.37143135975584585
2022-04-28,61.31348647243154,-1.1935846386119902,-3.1199018338195543
2022-04-29,60.31330218586642,-2.4393460513421177,-9.873956134524299
2022-04-30,59.58566197310968,-4.960751277376998,0.3750893042673198
2022-05-01,59.209168898217754,-0.48370578914123497,5.2745368909234855
2022-05-02,59.06272739047366,-1.0971375964474845,-3.9655897940261795
2022-05-03,58.96769823227927,0.6488845867635491,-4.616582819042819
2022-05-04,58.70592463419522,6.240178466838864,5.053896898965917
2022-05-05,58.100423856109785,1.1718047025416332,3.7277714413485796
2022-05-06,57.269269484937034,-0.8542122629551961,4.58494277801816
2022-05-07,56.57264877119886,-3.614932250590883,-2.957716520607974
2022-05-08,56.07160899402018,-2.264743415505983,1.1931344214858015
2022-05-09,55.60747462102318,-0.598199642444968,-3.009274978578212
2022-05-10,55.1436824347819,0.21712454871485148,-9.360806983496751
2022-05-11,54.99050661225744,3.620020211054513,-3.6105268233119574
2022-05-12,55.247991824286835,1.036817040576813,5.715191135136351
2022-05-13,55.69782543062119,1.5393617383717193,-1.2371871689929037
2022-05-14,56.1335326112668,-1.6045839169086542,3.4710513056418506
2022-05-15,56.57409828766336,-4.392454595641931,-15.181643692021431
2022-05-16,56.780969250257144,0.3998943446329033,1.8191364051099512
2022-05-17,56.6990901737205,0.9136852590950121,5.387224567184489
2022-05-18,56.58873772231996,1.4297590702781575,-1.0184967925981212
2022-05-19,56.625861558555464,0.8488104227845192,-7.474671981339981
2022-05-20,56.625964507092114,1.7019946801799342,4.67204081272795
2022-05-21,56.456939397366,0.8046985073363283,-3.261637904702326
2022-05-22,56.1085630252306,-5.324628940376506,-3.7839340848540957
2022-05-23,55.92408755779669,-1.3764879970854869,11.452400439288802
2022-05-24,56.0494366735696,1.5367194479288175,5.413843878501581
2022-05-25,56.11232522608824,1.6585473197110077,-2.770872545799243
2022-05-26,55.8195861344495,0.8595165919321983,-2.6791027263817
2022-05-27,55.38951404450614,1.8821885653804484,-4.271702609886589
2022-05-28,54.98041936733199,1.3095728025348992,5.710007830133108
2022-05-29,54.62724011727322,-5.660136766174497,10.032896648901286
2022-05-30,54.382720506213005,-1.7812057990617238,-11.601514707151281
2022-05-31,54.1296644717435,0.8687519716161464,-5.998416443359652
2022-06-01,53.62695485996561,2.0778250068742996,3.295220133160093
2022-06-02,52.86747476019569,1.6165026949101156,6.5160225448941915
2022-06-03,52.16589417288456,2.3287549313787723,-1.4946491042633383
2022-06-04,51.857362246861264,0.8459462667750581,-0.7033085136363226
2022-06-05,51.83698617553809,-5.365937358607683,-0.4710488169304057
2022-06-06,51.74628999256476,-2.1872309035479875,-4.5590590890167775
2022-06-07,51.53535145395343,0.8391461966642009,-4.374497650617634
2022-06-08,51.57274149866024,0.9748675728171756,3.4523909285225827
2022-06-09,51.972606682355554,2.1038527913041,0.9235405263403464
2022-06-10,52.381196129187316,3.3888404427730636,3.2299634280396177
2022-06-11,52.53763197310963,-1.1294296310539058,-0.4082023420557306
2022-06-12,52.39347677518874,-4.692027428158889,-8.70144934702985
2022-06-13,51.98732624253153,-0.05766848366955657,8.070342241138029
2022-06-14,51.48446906748355,1.676405004714257,7.839125927802193
2022-06-15,51.052308102850766,-0.8046658912696136,-3.2476422115811516
2022-06-16,50.61276090596066,0.6079863098663522,-3.220747215827018
2022-06-17,50.03677251978156,3.7638539866667933,-0.8006265064483529
2022-06-18,49.321550851458575,-3.611097128049371,0.2895462765907979
2022-06-19,48.747350187082716,-3.112782538178391,0.3654323510956772
2022-06-20,48.57627698904916,1.620801985916708,1.8029210250341308
2022-06-21,48.759087908268626,3.5507990410246886,-1.3098869492933147
2022-06-22,48.94530746549207,-1.6623811642975816,-5.282926301194486
2022-06-23,49.00726195952157,1.4555872297560108,-1.4628491892775841
2022-06-24,49.13104496677887,1.1694458263544973,4.6995092068666295
2022-06-25,49.414868310696036,-5.214070268539393,-2.2007980421566415
2022-06-26,49.81812346933615,-1.689588287198313,7.871464817862162
2022-06-27,50.3673224034338,1.3881259326383513,-3.7554483360721562
2022-06-28,50.97848412379547,4.637313515248186,-4.615797639043656
2022-06-29,51.58074408327591,-1.7646826482462716,3.1839385649703615
2022-06-30,52.34027344304476,4.220639600625347,-38.560913043670105
2022-07-01,53.39625425946381,-0.8339481182223617,-4.56230614124145
2022-07-02,54.62731344975647,-6.471080801847166,0.8437673520906941
2022-07-03,55.81340652071452,-1.5676887162734676,-0.24571780444105684
2022-07-04,56.64122748448733,1.307949397501915,-0.9491768819892457
2022-07-05,56.98500410087911,5.964477765627993,5.050518133492901
2022-07-06,57.02476324233584,-2.176815064193098,6.152051821857263
2022-07-07,56.87605693859225,3.670826972940826,5.453116088466928
2022-07-08,56.40685010381534,-1.4258400747315683,-3.9810100290837696
2022-07-09,55.60178888979733,-6.516688619355443,-0.08510027044188462
2022-07-10,54.885360172717824,-2.8972855509080597,-3.9880746218097656
2022-07-11,54.677746699083045,3.769477148817168,0.5527761520997885
2022-07-12,55.00744544443639,7.356286003154514,-1.363731447590908
2022-07-13,55.76279484785198,-3.4379196922310746,-8.324875155620902
2022-07-14,56.93362002335322,2.069858903891612,-18.003478927244835
2022-07-15,58.22729240856135,-0.4760269698886561,5.248734561327311
2022-07-16,59.389732547623865,-5.170190365123686,-3.2195421825001773
2022-07-17,60.38986511691639,-4.173815260353389,2.7839501434369964
2022-07-18,61.26825468631659,7.342754649746072,-20.611009336062658
2022-07-19,61.68478319777181,6.586933898947413,5.728282903280785
2022-07-20,61.56433653862538,-5.635047913477074,3.0707113748516974
2022-07-21,61.16079390863573,-2.803523695506599,-0.35727021312913365
2022-07-22,60.37399805313829,2.1677198413047316,-2.5417178944430177
2022-07-23,58.99776614453748,-3.2378422240869527,2.2400760795494747
2022-07-24,57.537450977355064,-3.978444418856275,0.4409934415012131
2022-07-25,56.3886833505101,9.827690942530465,0.7836257069594339
2022-07-26,55.47840502818735,4.2574025744893795,-2.7358076026767293
2022-07-27,54.65804623899946,-5.598394737165421,-2.0596515018340398
2022-07-28,53.88254877516213,-4.9216213176964585,-5.960927457465672
2022-07-29,53.472521370948925,0.8580413939487896,4.669437235102286
2022-07-30,53.91721126318474,-2.3281880114440283,1.4109767482592872
2022-07-31,54.63159417112592,-4.704980995462034,-3.9266131756638813
2022-08-01,55.45129806864376,10.904722521959128,35.64397940939711
2022-08-02,56.40568531493539,2.033925413785211,54.5603892712794
2022-08-03,57.22456283359463,1.4080221851824968,49.367414981222865
2022-08-04,57.80658363930654,-4.7304651065975385,1.9238814672909967
2022-08-05,58.66908391085591,0.4973743407817569,-15.166458251637664
2022-08-06,59.56820643831319,-3.9133319898886434,1.3451255515754568
2022-08-07,59.577386241944794,-6.0677691171390755,4.490382875194285
2022-08-08,59.38268439806576,8.548330876282808,2.0689847256514327
2022-08-09,59.283129162821666,1.7160775992278905,-4.999206762049553
2022-08-10,59.26289558992246,4.150658742160563,49.58644566791698
2022-08-11,59.53899646347352,-3.748451765482495,0.20945530200897622
2022-08-12,60.16091548928227,1.1470287602233236,-5.307944249505589
2022-08-13,61.023740780691234,-6.5013429355635735,-0.5223978451276636
2022-08-14,62.22071115876932,-7.6920691680524955,-2.528641990716821
2022-08-15,63.635712077886126,5.458867110774839,17.90542081133904
2022-08-16,64.83150044087142,2.269980156220276,3.898519402908306
2022-08-17,65.52543874125213,11.774190843091732,2.7003704156561383
2022-08-18,65.81663268131564,-3.3818041224844135,1.565171441168772
2022-08-19,65.44832784468409,3.38913043575797,5.162541719557936
2022-08-20,64.30896803091997,-5.780755163064417,-15.52821286785555
2022-08-21,62.70584705025161,-10.590831906230035,5.8849848559784235
2022-08-22,61.080267434171994,3.4862461605719552,-6.566513594743945
2022-08-23,59.48749193218988,2.9654532436397476,7.547054824170374
2022-08-24,57.97589981571445,2.8050087854395147,-5.7809086011539605
2022-08-25,56.80333729271666,-0.5206807167719884,-5.282656575944671
2022-08-26,56.33537820912333,6.387080603587861,1.2775411872888114
2022-08-27,56.56645672126083,-2.7340400644536254,-3.8324166568072044
2022-08-28,57.475845675292526,-13.525067705157364,-2.9507779701351637
2022-08-29,58.93043296971428,9.752564296265135,-3.6829972659794166
2022-08-30,60.74030042452703,0.7093959363222038,-3.449696360849231
2022-08-31,62.65237217385527,-7.55107915699221,5.898706983136947
2022-09-01,64.13948076200973,0.30342627994021576,3.557092958050063
2022-09-02,65.06441215747554,5.833088637382311,34.10249920514214
2022-09-03,65.97953218133297,4.994849990808746,1.0256178278582837
2022-09-04,66.80595666159655,-18.436141908334022,53.63018524673747
2022-09-05,67.29572615947549,24.424492596647806,42.2797812438767
2022-09-06,67.38065694859662,-3.3772324121232087,1.9965754635265824
2022-09-07,67.30278881528604,-10.805681285847589,-8.497107529438445
2022-09-08,67.04244735248811,-0.11461654248167052,9.07216918999356
2022-09-09,66.5150551967182,5.041160558099359,-0.5562157548175577
2022-09-10,65.67450174716706,-4.96313221836718,62.28863047120012
2022-09-11,64.94616394751554,-22.49732268199,2.5511587344744555
2022-09-12,64.38229583390584,41.79809029828361,1.8196138678105456
2022-09-13,63.7628759511958,-2.7139528304595837,-8.04892312073622
2022-09-14,63.0901098495208,-12.42990348818408,66.33979363866327
2022-09-15,62.83910766909556,0.3525813063586394,-4.191688975454198
2022-09-16,62.93772139745357,3.6017696617260837,5.460508940820347
2022-09-17,63.24110195851031,-6.014281550213161,49.77317959170284
2022-09-18,63.76324846581397,-19.552643074769367,-4.210605391044609
2022-09-19,63.9858154144228,31.285235385707185,-33.271050800129984
2022-09-20,63.72522475595449,1.9702965449297423,3.3044786991157693
2022-09-21,63.15718998508209,-10.525866218971615,3.3686762338895235
2022-09-22,62.249256676025674,1.2579293881790838,32.49281393579525
2022-09-23,61.31706749411987,3.4904278939039983,28.192504611976133
2022-09-24,60.528358697228434,-12.244806503871098,-2.2835521933573375
2022-09-25,59.45443389029924,-13.478130066896918,23.02369617659768
2022-09-26,58.247263117404955,20.57588199450599,37.17685488808905
2022-09-27,57.37388116840985,7.5361128127265244,-0.909993981136374
2022-09-28,57.51530878255809,-7.190341262398727,-5.324967520159362
2022-09-29,58.047842216892676,0.3101026632867153,4.642055119820611
2022-09-30,58.68991268697088,1.7260657570020068,-6.415978443972882
2022-10-01,59.374768542218504,-5.954497888601633,4.579729346383132
2022-10-02,60.00972127725217,-8.43353183693631,2.423810559684142
2022-10-03,60.54523031789191,6.39593305311464,1.058836628993454
2022-10-04,60.77227940470136,11.608356143630115,-0.38063554833147606
2022-10-05,60.54729011632932,-5.318038800212173,0.7707486838828501
2022-10-06,60.054796821183736,-1.3117093473604822,-1.7430874738232518
2022-10-07,59.39502333821273,-1.2585397128264433,5.863516374613717
2022-10-08,58.675749970882215,-3.584903723054209,1.9091537521719957
2022-10-09,57.91357818524706,-3.678071158956919,-2.2355070262901435
2022-10-10,57.16096058223971,3.5007784997515983,-5.661739081991307
2022-10-11,56.64493301647251,12.193982728448495,3.161084255078997
2022-10-12,56.48082461254879,-2.7780123136857693,17.297187701136977
2022-10-13,56.64900634400078,-4.543667469346991,-5.105338874653789
2022-10-14,57.034575032287385,-2.7210205337123163,-2.3135544985750656
2022-10-15,57.555009061789164,-1.4880815401410514,-5.066927521648111
2022-10-16,58.136921255612506,-2.879499179778293,5.742577924165786
2022-10-17,58.74298862030653,2.405534665932663,1.8514767137608104
2022-10-18,59.26464689810683,10.110454089073754,5.624899012819412
2022-10-19,59.54178474963568,0.996717442975947,-3.538502192611631
2022-10-20,59.444535718214574,-5.988605991257428,1.5440702730428555
2022-10-21,59.10274668438308,-5.009862836342649,25.90711615195957
2022-10-22,58.665448906134934,0.3965693419194008,0.9379817519456637
2022-10-23,58.29225782950684,-2.1566821851273015,-0.13557564437953573
2022-10-24,57.97775928291581,3.4082218923983323,-0.3859811753141429
2022-10-25,57.59890846986453,7.217337709999944,-9.816246179864478
2022-10-26,57.05708366938992,1.4766828941287857,6.466233436481296
2022-10-27,56.48787852349004,-4.561665456170715,1.073786932680676
2022-10-28,55.898967657760245,-6.263314819965696,0.3643471622054477
2022-10-29,55.052596948818646,3.1833302382219144,3.7640728129594407
2022-10-30,53.90871614398036,-1.4526631325060466,-4.45605301147431
2022-10-31,53.121518927338826,0.5108860921313414,21.36759498052983
2022-11-01,52.955791821780224,5.899745106052571,1.1444630721672056
2022-11-02,52.96764796951783,0.9522414259944515,-34.91988939551228
2022-11-04,53.06437116612321,-0.03888242253062399,-10.025488743592582
2022-11-05,53.18822010666713,-11.427453614722202,-29.760766491944928
2022-11-09,53.62238796060986,5.447294594599206,-1.06968255520907
2022-11-10,54.296509999034775,-1.3841822351254085,7.087672236090633
2022-11-11,54.940809734176355,-0.2008204417677359,-51.739989292408616
2022-11-13,55.3371989370212,6.010930675991842,-41.34812961301304
2022-11-14,55.4028073018091,1.234207242750251,-3.6370145445593494
2022-11-15,55.142818263360084,2.6407010847310253,11.216480651908896
2022-11-16,54.72078210733505,-14.785027370385167,47.06424526305012
2022-11-17,54.179092687355364,6.101991265996677,0.718916046647962
2022-11-18,53.88671239142031,0.46564923501349664,-4.3523616264338045
2022-11-19,53.69346224210872,-1.2603218148811095,-2.433140427227613
2022-11-20,53.5087494161642,6.239697869540115,1.2515527142956842
2022-11-21,53.5773884232878,1.3262557845086422,52.09635579220355
2022-11-22,54.03578348098602,6.2253778667490725,0.73883865226491
2022-11-23,54.657649263035466,-21.61544895359603,-1.042200309439437
2022-11-24,55.254703741825004,5.859065934048327,-1.1137696758733284
2022-11-25,55.73820261628529,1.4655095764679766,-2.2037121927532723
2022-11-26,56.234817103196804,-1.143827864753817,3.9090107615570133
2022-11-27,56.86818759447363,3.7998487273542905,0.3319636781720803
2022-11-28,57.32429002178758,2.5417248700657717,2.1339851081466463
2022-11-29,57.320612092306,6.909890079577954,-4.2305021718839555
2022-11-30,56.89530940159268,-14.49474381296237,1.5994344113696926
2022-12-01,56.31158741660443,2.5904177491895073,5.097994834206062
2022-12-02,55.92282638818553,0.45020597726166006,9.626967634552813
2022-12-03,55.68644051218193,-1.1941285064297082,-6.4923120057522254
2022-12-04,55.411469066240016,1.4354971467345061,-7.846966212974522
2022-12-05,55.22272002771611,2.935612797487655,-1.1583328252037646
2022-12-06,55.19300373120552,8.70165378143063,-20.89465751263615
2022-12-07,55.42954633793244,-11.045334084271044,6.615787746338604
2022-12-08,55.999905258279185,0.21665668726720258,-5.216561945546388
2022-12-09,56.61350632915064,0.49963389104054345,-4.113140220191184
2022-12-10,56.893304097835504,-3.090981843063765,9.197677745228255
2022-12-11,56.85746740447322,-1.1257815444705286,6.268314139997308
2022-12-12,56.80123078881163,3.489943771225309,-1.2911745600369358
2022-12-13,56.85062948908774,11.190699299196735,0.9586712117155258
2022-12-14,56.86812104795428,-7.574102122415352,-8.294018925538928
2022-12-15,56.69750744679412,-1.6464451853203295,-1.0510622614737883
2022-12-16,56.514190597471256,-0.3482289515631152,0.8340383540918594
2022-12-17,56.512005559652835,-5.363732911611385,0.8517273519585515
2022-12-18,56.59707317791367,-2.8015504190718294,1.204477241158159
2022-12-19,56.28892273269571,4.704970921099726,-0.993893653795439
2022-12-20,55.36803467449877,12.73961602689303,4.892349298608195
2022-12-21,54.22814622505346,-6.031338878778328,3.803192653724871
2022-12-22,53.073740288866794,-0.47283316321033886,0.3990928743435447
2022-12-23,51.81936475115031,-0.06190248010554744,-20.757462271044762
2022-12-24,50.510719795984066,-8.142098399102991,-4.368621396881075
2022-12-25,49.65293455248819,-4.581918551643534,-10.071016000844658
2022-12-26,49.3329436245725,5.330743585045826,7.336312790381676
2022-12-27,49.376095476744105,11.994703563817307,-4.370799040561415
2022-12-28,49.848688208433614,-4.014307308839951,21.16561910040633
2022-12-29,50.78774138502906,0.6842816352999036,33.527976979671045
2022-12-30,51.836158969174186,1.3668886737521964,-1.2030476429263786
2022-12-31,52.847419515238265,-10.381113711944003,-0.4663058032942615
2023-01-01,53.84790728058318,-6.220796284794638,5.3728890042114585
2023-01-02,54.98207636739969,6.535579698195112,-10.517656065594807
2023-01-03,55.83527758151311,9.516775962769072,3.6479464557178147
2023-01-04,56.5188660195667,-2.6156010358354704,0.09673501626876657
2023-01-05,57.206513002081586,0.46492989836776555,3.3285570995506504
2023-01-06,57.87282137961117,3.353396376465901,-1.2262177560770695
2023-01-07,58.49524227239637,-9.846436396645403,0.35119412424903373
2023-01-08,59.06264121881032,-5.293468665339968,-6.769172553470355
2023-01-09,59.43482031301891,6.576476078517201,2.9887036084638865
2023-01-10,59.79572331861775,6.8877698508486835,1.3165068305335623
2023-01-11,60.1075779797809,-3.1913508458628965,1.0837728660820005
2023-01-12,60.252942085959056,-0.9103275572333416,-0.3426145287257114
2023-01-13,60.173604039023886,4.023753058696421,4.802642902279686
2023-01-14,59.8351337316713,-6.719930158256143,-5.115203573415158
2023-01-15,59.3111845775425,-4.693220308531082,7.382035730988584
2023-01-16,58.90057294551125,7.811184507644143,-0.7117574531553927
2023-01-17,58.59072897316578,4.756974650201798,-4.347703623367579
2023-01-18,58.35436044087763,-4.525845736889221,1.1714852960115962
2023-01-19,58.140141084662275,-2.464647289926456,-3.6754937947358215
2023-01-20,57.8918761790329,2.9551820532514244,22.15294176771568
2023-01-21,57.631975359122066,-4.269752992896051,9.637777633773979
2023-01-22,57.48674933545519,-3.118462854318193,-4.368286481136991
2023-01-23,57.331035219022816,8.918267532848004,2.7506972481291783
2023-01-24,56.97832688773524,3.318365966168574,1.7033071460961864
2023-01-25,56.280565720987525,-5.178353329532705,-2.1022123914548203
2023-01-26,55.236508625380566,-3.518581363249962,1.2820727378693988
2023-01-27,54.18694330242297,0.2515671627987564,0.5614895347782749
2023-01-28,53.47549831213763,-1.8305678287382632,-0.6449304833993708
2023-01-29,53.120363520804595,-2.42524618792719,2.304882667122591
2023-01-30,53.06401643438321,10.925810092833332,-8.989826527216543
2023-01-31,53.255857787325816,3.4320591604561375,-3.6879169477819502
2023-02-01,53.76713457418966,-5.951394119691411,54.18425954550175
2023-02-02,54.69321221634193,-4.159054567912673,2.4658423515707497
2023-02-03,55.939046651964915,-1.0106659583721813,-3.928380693592736
2023-02-04,57.3540644111961,-0.6768394546005003,-1.6772249565956017
2023-02-05,58.74223985892206,-2.273905820605558,-0.468334038316506
2023-02-06,59.69192267191009,10.750572501167467,6.55750482692244
2023-02-07,60.40404172150227,2.782249613385015,6.8137086651127134
2023-02-08,61.01651183653932,-6.39540180610279,1.3788899695634669
2023-02-09,61.17656456665413,-3.6397143218199757,-5.536850244834156
2023-02-10,60.80910740895273,0.5210284406024702,-22.330135849555198
2023-02-11,60.18050622993293,-0.5902561493513626,0.40974991941843086
2023-02-12,59.567769480844575,-3.908526340748383,4.340756859903806
2023-02-13,59.234863541438244,10.443169846469834,-26.67803338790808
2023-02-14,59.12029855293176,2.816179626414325,-3.936478179346082
2023-02-15,58.93722334284448,-5.910113834502883,-2.027109508341603
2023-02-16,58.515869173812256,-3.121337541042849,-0.3945316327694073
2023-02-17,58.11330545800039,1.911374654785907,1.9753198872137006
2023-02-18,58.066659786924994,-1.5124417818159352,5.445781994890943
2023-02-19,58.30576598771847,-5.252465331149019,-4.053300656569455
2023-02-20,58.37855994030471,9.069703728580942,-1.4482636688856516
2023-02-21,58.13978032375284,2.615344273918705,-1.7551245976715464
2023-02-22,57.8034735522042,-3.050715496293007,44.247241944088806
2023-02-23,57.61413119952051,-2.0446822783409355,5.430551078820429
2023-02-24,57.599964757959,2.8024336157703984,1.5976016262706025
2023-02-25,57.66224884233634,-3.801743529262548,-2.8605053130737943
2023-02-26,57.60778154193946,-5.052447780894663,-4.5553337610448
2023-02-27,57.510953512541825,5.900577018472187,0.5884694689859913
2023-02-28,57.92589626931878,1.7589754517438771,5.315128278937344
2023-03-01,58.99118829993555,2.043858659970204,-5.035046959905756
2023-03-02,60.388350526580915,0.4095858558596253,-6.79793638244054
2023-03-03,61.938703567898195,0.9196104428610216,-0.8583140107592158
2023-03-04,63.357625030172485,-7.096173701341164,-19.26145132883132
2023-03-05,64.50554674477607,-5.068344390642642,7.562797645866567
2023-03-06,65.62440648479321,4.607433336876417,-0.2318398216696238
2023-03-07,66.7211637871886,-0.3939152959726522,1.6727515087840459
2023-03-08,67.26448206992109,6.499963649603496,11.235554280475412
2023-03-09,66.99960935752222,2.2172844837912997,0.7831061586864791
2023-03-10,66.31262455948873,3.5201293415079675,-4.832753900996693
2023-03-11,65.65338582658586,-10.994469578247225,2.3410837516613583
2023-03-12,65.01513948799467,-5.530806885014468,2.515667397019797
2023-03-13,64.15884474108066,5.972613063427875,-9.131457804508528
2023-03-14,62.971797985713806,-5.172130685690588,-0.7996673000232164
2023-03-15,61.6831126297533,9.275644442981259,4.041242927265436
2023-03-16,60.37061923573394,0.8174198393011314,5.811960924964922
2023-03-17,59.11133182824904,8.425633410159795,-21.53696523840884
2023-03-18,57.96302665246898,-13.702844041041477,-1.2601826114275099
2023-03-19,56.9338363640612,-7.433828003102723,-7.500008360958475
2023-03-20,55.90857018539513,8.357643786739944,2.73378602786493
2023-03-21,55.22585031996623,-3.315137528037265,-6.910712791928965
2023-03-22,55.22339876344716,5.280735308056071,0.49586592849676947
2023-03-23,55.81340996561583,-2.676431302489198,48.86302133687336
2023-03-24,56.58793489357571,15.796899379593981,0.6151657268303126
2023-03-25,57.162141544721784,-13.943381638125635,-6.218759906596148
2023-03-26,57.463889866720294,-10.204627144518856,4.740737277798559
2023-03-27,57.63993307874736,10.48172493813101,3.8783419831216293
2023-03-28,57.755840310816325,1.7982838314498093,40.44587585773387
2023-03-29,58.00029458288562,0.6373885331307625,51.36231688398362
2023-03-30,58.25569542507169,-5.553665755984699,-3.702029669086997
2023-03-31,58.08856715010743,13.696091222840769,19.215341627051806
2023-04-01,57.42952646792857,-11.640619549333342,2.2110930814047762
2023-04-02,56.66044764849758,-9.087325591002752,-2.573122057494828
2023-04-03,55.69903170010571,8.36201142874475,7.938956871149543
2023-04-04,54.440010666704886,6.99928622532738,8.560703107967733
2023-04-05,52.91500400190804,-2.800442864295933,-5.114561137612107
2023-04-06,51.31337520594051,-6.5791359960162765,-2.734239209924233
2023-04-07,49.95006899125666,10.6907353310081,-21.640804322264756
2023-04-08,48.83562593034315,-8.745845682852474,1.9102197525093274
2023-04-09,47.97680228366199,-6.430734859538207,-5.546067424123784
2023-04-10,47.55731065792421,4.831614720260333,-7.388925378184545
2023-04-11,47.55445100253551,10.05146233026301,0.3940866672014849
2023-04-12,47.670222182812445,-5.101650152366628,3.4314279695541856
2023-04-13,47.728304385962176,-3.9793708503494374,3.2510664643872644
2023-04-14,47.70255505437654,8.460614964517418,-0.16317001889395755
2023-04-15,47.629093440861595,-6.751246897652496,0.12215345679089751
2023-04-16,47.50632472149166,-3.583347178849077,6.077022457357415
2023-04-17,47.33759217261405,2.6763950559845924,-5.013987228598644
2023-04-18,47.23192184462415,7.69969101399288,-5.9316128586170365
2023-04-19,47.32895795970187,-5.184880000107243,26.855922040405375
2023-04-20,47.683630684824756,-1.9552089095130236,2.2715782246882696
2023-04-21,48.21554935857328,2.794534690423877,-1.0100840489971503
2023-04-22,48.942306403786716,-4.264716770572177,-3.677589633214538
2023-04-23,49.75750303671641,-1.2046909164113988,1.4471878796949937
2023-04-24,50.468462564592336,3.3743902438659856,2.157147191541675
2023-04-25,51.29513573756232,4.794613590897939,5.9102506715397425
2023-04-26,52.43524537084652,-3.5854887746358415,-3.849756596210682
2023-04-27,53.69315697639351,-1.2254903252226794,-2.4676666511708305
2023-04-28,54.855863653684494,1.0125825536146518,-7.868446207299144
2023-04-29,55.89290423254931,-1.7234017890714677,0.830497556522154
2023-04-30,57.029107564828365,-2.5826151542464424,2.553507589418075
2023-05-01,58.2897372459356,4.273457559797779,5.436805194266626
2023-05-02,59.42089944428222,2.5800731393610095,-1.0009725836432324
2023-05-03,60.143893059571944,-2.3796939120770926,19.235800852505143
2023-05-04,60.439831228408345,-0.5224132428499938,-0.9174179855583517
2023-05-05,60.47581745378296,-0.5509332695472609,5.075115815764299
2023-05-06,60.414064197873785,0.9257055079812326,3.6602302941449807
2023-05-07,60.31407268954933,-4.188265656613108,-4.1258070329362155
2023-05-08,60.05094988961536,4.271403935050872,-3.32235382466623
2023-05-09,59.46529999286968,-0.10264029028954919,-1.3626597025801317
2023-05-10,58.690860608682854,-0.35141371775410535,5.660553109071245
2023-05-11,57.93441757085139,0.6473813469512913,1.4182010821973208
2023-05-12,57.373820601276414,-1.2981085795738796,1.924287978297464
2023-05-13,56.94160255346073,2.286965312120729,-1.2285678655814607
2023-05-14,56.39402397427215,-4.2855289981963995,-3.108494976075754
2023-05-15,55.83163275025849,3.9826223925278192,-1.8142551427863083
2023-05-16,55.49408713184974,-1.3034981234475682,-1.1905890084021706
2023-05-17,55.423036326879064,-0.5355895624744645,0.11255323559539931
2023-05-18,55.41724106632774,1.129862293513485,2.4528966401587766
2023-05-19,55.30849365344639,-1.6864802564834973,-5.622013396962892
2023-05-20,55.08040617724654,1.0280928407133945,3.891500982040071
2023-05-21,54.84448071800131,-3.108160242663335,5.263679524662031
2023-05-22,54.68610862911995,5.4286956962210215,0.8851956746590304
2023-05-23,54.5636497716563,0.23937616349983226,-2.8030259351561355
2023-05-24,54.407849717127064,-2.130130737391389,-10.277718979735674
2023-05-25,54.24732435779027,0.07577721938236232,0.6768984228273709
2023-05-26,54.11954717669306,-1.9563777616412985,15.836830584948231
2023-05-27,54.190626681401476,-1.2252916487996444,0.0346649673981716
2023-05-28,54.510154032737844,-2.663989527826118,-0.8461645049117266
2023-05-29,54.86903949578255,8.320815172568162,-1.189854668350712
2023-05-30,55.016360035585954,1.9413239577633299,2.042316006650715
2023-05-31,55.07937155960926,-3.1720822018759414,2.092710642266681
2023-06-01,55.450089551831255,-2.072168185133073,-1.3779213666981818
2023-06-02,56.06991573317853,-1.1112499298456302,-0.9586658033329059
2023-06-03,56.631934765294076,-2.9568971223187273,-3.6750376429753473
2023-06-04,56.98870015222401,-3.2576392336891193,-21.731060918534894
2023-06-05,57.099271940874765,12.110613238909258,-0.209885179784024
2023-06-06,57.11897772464402,2.0295251321872776,5.851497143168707
2023-06-07,57.09716888307901,-2.9693536652761843,3.8721847821971807
2023-06-08,56.65718106446807,-4.001243927067106,0.3440628625990385
2023-06-09,55.55185578105709,-1.4061203218216831,2.8542645407645892
2023-06-10,54.146896231943046,-3.1323225008782747,-2.0145737310647718
2023-06-11,52.96328254534856,-3.7789359639995204,-1.1843465813490397
2023-06-12,52.10360570155209,14.602509723501338,-23.70611542505343
2023-06-13,51.57325690897031,1.5187223263619123,-3.091979235332218
2023-06-14,51.30011063866964,-2.682878246950248,-5.617232391719398
2023-06-15,51.1721342181295,-3.5435115726318243,-2.6286226454976784
2023-06-16,51.25753540494051,-4.724482572512403,2.466947167571888
2023-06-17,51.41101017903008,-2.8608944569825847,5.449884277952506
2023-06-18,51.392153924966856,-3.1790006332664205,0.7868467082995636
2023-06-19,51.18566699107324,15.671520316511055,6.142812692415703
2023-06-20,50.82095816268727,0.7774818001954306,-3.5984399628827006
2023-06-21,50.27622467410282,-2.6482879428115282,2.3720632687087075
2023-06-22,49.70190335386659,-1.6304497703901104,-3.071453583476483
2023-06-23,49.34705023520231,-6.30575918180671,-6.041291053395604
2023-06-24,49.54548577053768,-3.4624646592460415,-0.08302111129164302
2023-06-25,50.24370996570921,-2.248168003976736,-0.9955419617324708
2023-06-26,51.000816022063105,14.932290183475883,-2.9331062055389907
2023-06-27,51.581353888377436,-0.20844690412118322,12.627093015743753
2023-06-28,52.07423930681053,-1.0390982530149497,-16.035141053795584
2023-06-29,52.511505882368894,0.2775319022793394,6.210962215351763
2023-06-30,52.89704368059245,-5.7481404867725825,20.85109680618013
2023-07-01,53.16302550670282,-5.209796760274909,-1.9532287464279108
2023-07-02,53.011156488934034,-2.613526353223499,2.6023698642894644
2023-07-03,52.50771704058416,11.482848061713966,-1.9905651022981274
2023-07-04,52.21387589299504,-0.21361342041502906,-2.0002624725800118
2023-07-05,52.264566284987765,1.4475479487500076,0.28788576626222806
2023-07-06,52.60131808310182,2.192366625119561,-1.7936847082213845
2023-07-07,52.96101821549427,-3.1557915699547516,-1.8052266455395198
2023-07-08,53.33406301654547,-6.917468647273187,-0.416594369272282
2023-07-09,53.79536397600075,-4.394302831607823,1.5989388556070736
2023-07-10,54.279617781717796,8.208842931566101,4.511539286716101
2023-07-11,54.682305096572065,-1.3864701868164544,-0.29583490975561233
2023-07-12,54.894046056091014,5.058219222814981,-2.9522652789059975
2023-07-13,54.88203454230279,1.6785642993942969,1.439401158302914
2023-07-14,54.81331563786543,1.9243873179353859,1.2622970441991868
2023-07-15,54.83749354785367,-8.05704411718971,1.219550569336043
2023-07-16,55.01731890046567,-7.565106178667034,-1.452212721798631
2023-07-17,55.18637005885786,5.91448394739129,-3.1008540062491505
2023-07-18,55.11477831262377,-1.5237495504631668,-2.5910287621606045
2023-07-19,54.825414134827,7.936052469275686,6.2385333958973135
2023-07-20,54.5587692489557,0.38907728117779583,1.0521534698665036
2023-07-21,54.40900435663044,4.424540453066543,4.166455190303019
2023-07-22,54.27371022552121,-9.332511758232549,-0.9411984672886575
2023-07-23,54.07114641740843,-6.74496795960251,-4.326178457805916
2023-07-24,53.7523512982331,3.312708692800444,-2.065059991033543
2023-07-25,53.57740655503454,0.20462579508226522,0.2179676498831924
2023-07-26,53.81366292191239,8.530013596489162,1.6563234815984487
2023-07-27,54.10536268286983,0.24626615178635286,-5.351628834656182
2023-07-28,54.40549860737533,3.4670715214607384,4.127429871163933
2023-07-29,54.773680122633685,-10.705106993192798,20.931426870559115
2023-07-30,55.06425743629417,-4.611615720110757,20.547358283816592
2023-07-31,55.32778255651948,2.5708883145236694,2.1013291289568485
2023-08-01,55.62862788616153,3.679132896835439,-3.307760782996972
2023-08-02,55.798038966869385,6.499455497498586,0.702505535632028
2023-08-03,55.79582181355719,0.38548236596585406,1.8186958204769539
2023-08-04,55.80275016554851,-0.034917322716659455,-2.767832842831851
2023-08-05,55.7331360565379,-11.652149445378997,-0.08098661115890593
2023-08-06,55.55966828045038,-3.0167508163467365,10.457082535896362
2023-08-07,55.28649814987735,4.841195586050394,-8.12769373592775
2023-08-08,54.83734276538998,5.770005146047877,7.392652088562144
2023-08-09,54.486185025476885,2.6839796926722643,-2.1701647181491523
2023-08-10,54.334160679885,1.2837159797532327,1.3821233403617654
2023-08-11,54.295971875726636,-0.9882682097684785,-3.307703665958158
2023-08-12,54.338029935685505,-12.344212807662874,27.006182871977366
2023-08-13,54.478557922513076,-0.991050630536875,-5.4875072919762005
2023-08-14,54.64712887705344,6.777312816798015,2.575558306148544
2023-08-15,55.030001962544596,6.055974065718394,0.9140239717370093
2023-08-16,55.75516318018277,-1.406365072523455,2.651201892340687
2023-08-17,56.7283511064006,2.1549774119268013,-2.883328518327403
2023-08-18,57.66358782091091,-0.2649307736767989,22.601342952765883
2023-08-19,58.53059989926058,-11.819185356131042,-1.7114145431295356
2023-08-20,59.32813608373349,-0.4018139649045804,-2.9263221188289066
2023-08-21,60.12343164479373,7.456703381682397,6.419864973523865
2023-08-22,60.98461764393049,4.094757854480894,0.9206245015886125
2023-08-23,61.725705375810364,-3.2331244838679853,-3.4925808919423815
2023-08-24,61.98886351507834,1.959194338675841,4.051942146245814
2023-08-25,61.678934328019416,1.067343953534839,4.253721718445739
2023-08-26,60.9189056637667,-9.889784126533078,-1.029121537233621
2023-08-27,59.993965679674886,1.2897817097101385,4.716252610614973
2023-08-28,59.24547204663562,4.662943278256832,2.0915846751075478
2023-08-29,58.65755501462361,2.262112722777653,-11.919667737401262
2023-08-30,58.137440104174104,-2.8185216607051475,-5.318918443468959
2023-08-31,57.91635519905388,2.2070370080271586,-2.1233922070810394
2023-09-01,58.15897381338805,1.9933558512704996,-3.152329664658552
2023-09-02,58.85499205603014,-6.417056916110176,0.5620648600800351
2023-09-03,59.96440909473597,2.708330597592695,2.327260307671338
2023-09-04,61.19187836699947,-0.5599131678621043,-3.631965199137362
2023-09-05,62.02868061096615,1.393661039912168,4.577658349121677
2023-09-06,62.316792266685624,-1.9399761650191267,7.623183898333508
2023-09-07,62.08807447045861,2.6629383387925594,-0.751012809251165
2023-09-08,61.5025040463689,1.169272532574008,1.3282234210570962
2023-09-09,60.683938624821636,-4.987971337503308,8.304032712681675
2023-09-10,59.66341134038024,1.7073294578849425,-2.3707407982651887
2023-09-11,58.49025436461764,-1.280452518840396,-3.2098018457772426
2023-09-12,57.43775308829511,2.981801371591947,-5.41955445988706
2023-09-13,56.60751453437224,-1.3109577847796614,1.7034432504074175
2023-09-14,56.094674098550634,1.7712774535034368,16.134048447945936
2023-09-15,55.78661148791838,1.1866399763744544,-0.9732514642928294
2023-09-16,55.628279842757706,-3.932738539153488,-5.695541303604216
2023-09-17,55.518482258724895,-1.3203638532448807,4.801881594519983
2023-09-18,55.34103350093738,0.14520923128328975,22.513757267779333
2023-09-19,55.05564122556643,4.444964051514471,2.4993947229190994
2023-09-20,54.90721585088428,-1.9191343400114624,-3.988081510872817
2023-09-21,54.920099897166224,1.0685886620294447,1.0113114408043344
2023-09-22,54.89825970097907,1.1239317939444415,-0.022191494923511357
2023-09-23,54.809496323246044,-3.933639137249859,0.124142814003811
2023-09-24,54.887565544355965,-1.9319544399926138,-9.95561110436335
2023-09-25,55.14307645873446,1.5803284648181823,4.276595076447357
2023-09-26,55.53396999503462,4.579991255210038,2.8860387497553432
2023-09-27,56.01236239447748,-1.8093238327730052,-2.2030385617044743
2023-09-28,56.614369943357815,0.7415832464488076,-5.35595318980662
2023-09-29,57.325306288491475,0.5467309799571443,2.127962731551378
2023-09-30,57.973522876278466,-3.683822388628124,1.710299512349657
2023-10-01,58.4815542746845,-1.3235992412699973,-2.1579550334145026
2023-10-02,59.058655370724914,1.0527162647359742,0.8886283645391089
2023-10-03,59.68347717314158,3.6199698813795718,0.6965529454788424
2023-10-04,60.00626904796078,-3.0654731291570845,6.059204081196306
2023-10-05,59.89455402356768,4.190211299780576,-3.0847653233482575
2023-10-06,59.510284182402884,0.32565088879718745,-1.835935071200069
2023-10-07,59.00617869042446,-5.163997589332135,5.157818898907678
2023-10-08,58.409915148959804,0.3178172233646932,7.272267627675497
2023-10-09,57.625675997507244,0.20932916775078103,-4.835005165258025
2023-10-10,56.72454634926634,2.2522289573408125,-4.976775306607152
2023-10-11,55.82366720396588,-4.4385826448325565,23.614915440866667
2023-10-12,55.08307514772433,7.267678753548357,11.649246098727318
2023-10-13,54.64517661889582,0.0953256533346249,-0.7405022722304437
2023-10-14,54.649578905392204,-5.96595007022489,-7.683628835167312
2023-10-15,54.92809408889397,1.9730933416707697,-0.9011874305647396
2023-10-16,55.14551574522799,0.3173383291451557,19.537145925626852
2023-10-17,55.34837256440898,-0.2900436853646413,11.941671120955654
2023-10-18,55.739432390085256,-5.3689113872708445,-6.370521002814414
2023-10-19,56.337519822967295,9.219324908687682,3.4431552683450235
2023-10-20,56.875921186670325,0.1940108474610785,1.930067965868595
2023-10-21,57.038418397640235,-5.215336107863665,-3.823082289776572
2023-10-22,56.99650670911287,1.5166533445877681,0.4868399462993622
2023-10-23,57.045601215022955,1.301120028553018,3.6532787564240294
2023-10-24,57.13363575049596,-1.6914420603822968,-1.4421936901136618
2023-10-25,57.04289235053311,-5.0816502391011165,0.038757888568007104
2023-10-26,56.87204627759987,7.5739931597978325,-1.446039437397701
2023-10-27,56.785503245274406,-0.17717023792850856,-0.6083330073458981
2023-10-28,56.80557270539338,-3.8321065278791746,6.026533822485796
2023-10-29,57.085432609169416,0.916938893558409,-2.0023715027278257
2023-10-30,57.629996400747146,3.8174295477168663,-5.447425948464016
2023-10-31,58.19771493414098,-3.134692453020725,-4.063022481120257
2023-11-01,58.61054943308846,-1.8529477402318053,6.242398307143354
2023-11-02,58.87785825898806,5.080380443654151,-2.9582387026422126
2023-11-03,59.048518109448004,-2.790954161857229,3.742436052409225
2023-11-04,59.129872480168444,-4.60503868493571,6.4751662047672625
2023-11-05,58.94117471413075,0.6174539043157865,1.4413713815534592
2023-11-06,58.38943561061729,7.840623985126781,-2.2300595957440734
2023-11-07,57.67210551022372,-3.302722085703911,0.6306165754801896
2023-11-08,57.10561705342896,-0.9106765835102302,-1.194940469918727
2023-11-09,56.83828188434051,5.099011148763175,-2.9372930331036855
2023-11-10,56.9822075998573,-4.948746731978471,-2.033460867878823
2023-11-11,57.43479818468406,-7.090713948443176,-4.344084236240889
2023-11-12,57.88380323377081,1.1048232510964215,-0.9886264848672326
2023-11-13,58.16235855578067,10.525213322318178,11.31242812190115
2023-11-14,58.35633060600478,-2.418888119063445,1.062557513058664
2023-11-15,58.611772040671596,-2.039749029039637,2.4279769883680444
2023-11-16,58.93264832991568,5.606335629051429,5.461016041032892
2023-11-17,59.053450696864004,-4.640639376530482,-11.412811320333525
2023-11-18,59.007884784567345,-8.221280734767994,-9.786604049799351
2023-11-19,58.96021872007094,0.3117783011254793,-22.27199702119642
2023-11-20,59.081192740984065,10.679500873061894,5.239306385954038
2023-11-21,59.433384454244674,-0.9965625606901711,0.5631781064454984
2023-11-22,60.11731651456633,-1.3235879189033473,-9.793728595662984
2023-11-23,60.655052633129166,3.1155772205742363,3.2293701462965956
2023-11-24,60.53759212959352,-3.4708370101639607,2.9332448805704416
2023-11-25,60.09058924043989,-6.840688566990621,3.750099326550732
2023-11-26,59.8057562013355,-1.3605010957009764,4.554744894365484
2023-11-27,59.63774581948303,8.291772600115848,-10.929518419598878
2023-11-28,59.26324599190902,1.5051652819079273,-5.768411273816945
2023-11-29,58.7040750395507,0.0785356602228208,2.217389300226479
2023-11-30,58.224327902350176,0.08792987183673971,-15.312257774186918
2023-12-01,57.94416227391721,-1.931694145472517,4.987531871555312
2023-12-02,57.842784594100344,-3.565398199605507,0.7226136055051597
2023-12-03,57.6805865543097,-3.1366375158079087,-3.5439490385017933
2023-12-04,57.18333397219841,4.139458051579272,2.67720797622232
2023-12-05,56.37937969548043,3.79071328991037,4.829907014609198
2023-12-06,55.4499849502749,3.2145832739000335,0.33543177582506445
2023-12-07,54.56826212441105,-3.1030038014423837,-3.4652583229686655
2023-12-08,53.86040588815792,-1.698161059874926,-2.1622448282829936
2023-12-09,53.30993164243947,-2.3245929235825074,2.0146612811430344
2023-12-10,52.84266293424275,-5.267388557591358,-2.575274376651393
2023-12-11,52.588455671686994,2.994832995267225,-4.583288666954218
2023-12-12,52.687969553823244,6.041360160725788,1.2706702854509686
2023-12-13,53.0958039354141,5.202129274453751,0.7020667901321502
2023-12-14,53.56939344164858,-4.282993479709944,3.713600038061365
2023-12-15,53.911537475977255,-0.6361157796018477,-6.27542169637541
2023-12-16,53.77868995762514,-2.7097153062404695,-1.0689746513846714
2023-12-17,53.25357895287388,-7.099866130622051,6.846287177748174
2023-12-18,52.60692517499751,1.0952921470578678,11.297782677944625
2023-12-19,51.855042266296785,6.460101649087047,-1.3151439153838353
2023-12-20,50.97640394406319,5.834618077549502,-17.811022021612693
2023-12-21,49.9898167892793,-2.477097256900965,-3.512719532378341
2023-12-22,48.80424121188944,1.706178064301487,1.4895807238090697
2023-12-23,47.69467300236111,-4.447894007396974,1.7532210050358685
2023-12-24,47.101368565669326,-8.326439367273409,-4.774929198395917
2023-12-25,46.89864494694474,0.09199338993324266,-3.9906383368779856
2023-12-26,46.81770065930108,5.849058121506467,1.3332412191924519
2023-12-27,46.69972541044691,5.888476043715105,2.411798545837989
2023-12-28,46.56812234573419,-0.43406469883019544,-2.1340576469039902
2023-12-29,46.57269198838939,3.826406443232534,4.600901568378077
2023-12-30,46.82726655825099,-5.368142142413501,-2.4591244158374863
2023-12-31,47.22953372434088,-11.002752146227149,1.7732184218862699
2024-01-01,47.74884013743956,0.10935459189631277,-3.858194729335871
2024-01-02,48.52947836663965,6.6710539559457755,-5.200532322585424
2024-01-03,49.58210535377911,5.2628101685865785,-2.844915522365689
2024-01-04,50.891815442201654,1.0801284282595425,4.028056129538804
2024-01-05,52.52766054551002,3.8681839061107075,0.6041555483792749
2024-01-06,54.273083903889685,-5.066624155838338,20.793540251948656
2024-01-07,55.780799692259116,-12.869653657756547,-0.9111460345025719
2024-01-08,56.7894864715804,2.441815073723406,0.7686984546961924
2024-01-09,57.270911397710584,7.93614126631923,2.792947335970183
2024-01-10,57.34653112313488,1.9704783134399533,7.6829905634251645
2024-01-11,57.06246450383994,0.9472703973238642,3.990265098836197
2024-01-12,56.31264964492498,2.9428310174975363,-3.2554806624225208
2024-01-13,55.193884411774135,-4.2978868371986465,-0.8959975745754889
2024-01-14,53.82247144111654,-13.734737906776822,-1.0877335343397192
2024-01-15,52.44572958316015,5.4410369754297125,3.113233441410138
2024-01-16,51.38161675530111,8.748294592317347,0.8700886523815399
2024-01-17,50.684772646569016,0.6091276642840403,-6.293900310853054
2024-01-18,50.2057516636733,-0.10139661163954945,-3.104355052033746
2024-01-19,49.761611278826294,2.1642385194757194,0.07415020169798936
2024-01-20,49.34945465306341,-3.2621803754201024,14.91272572235669
2024-01-21,49.09707607630389,-13.462096490768856,-1.634979585535035
2024-01-22,48.99485682512441,6.085101451483491,-0.079958276607897
2024-01-23,49.13212764482383,7.897953108341525,2.9699192468346425
2024-01-24,49.42514255924475,-0.4925923979927013,22.067449838747947
2024-01-25,49.75220114052907,0.4323825966034145,-11.184583737132485
2024-01-26,50.27950956690019,2.166514792092674,1.5539756410071348
2024-01-27,51.06806508813115,-1.4114828917802156,-5.656582196350932
2024-01-28,52.09383080218542,-11.927327858205194,-0.1665029439802268
2024-01-29,53.58348325647595,3.3205073368475846,6.096009406676465
2024-01-30,55.305181254913236,7.237338477374324,-7.542519732287559
2024-01-31,56.73140814657101,-1.021096861558819,1.289688714987804
2024-02-01,57.87653276009127,2.2302897932144443,5.893177446694281
2024-02-02,58.82622758318393,0.2165267700841497,0.9572456467319199
2024-02-03,59.46111138908017,0.21681778604773244,2.3220708248720925
2024-02-04,59.78598767828529,-9.879015112210181,1.0930274339248953
2024-02-05,59.73569936403171,0.3790175056177093,-5.1147168696494205
2024-02-06,59.30431931550591,5.830640033450064,3.8650406510440263
2024-02-07,58.72680497926998,-1.3321550392425543,2.6053500599725723
2024-02-08,58.1587706717888,5.844554089704798,-2.0033247614936016
2024-02-09,57.55254181350454,-2.005406896830303,20.45286508332577
2024-02-10,57.016431848087585,2.5890427031223204,0.3945254487900982
2024-02-11,56.54647573204465,-8.000509481365603,-0.5459662506790437
2024-02-12,56.213118710066084,-2.309675114801193,-1.9034435952648892
2024-02-13,56.18383468061101,4.991198457064304,0.8249668623246862
2024-02-14,56.45046661208947,-2.165234372887097,-12.285232239202372
2024-02-15,56.83034550652568,6.643351641229591,3.5263028522447257
2024-02-16,57.30942348490834,-3.0997535620064127,-4.209669922901931
2024-02-17,57.91846539199519,2.92271880668583,3.1588158013189798
2024-02-18,58.580187252660664,-6.061351769551,0.48116451689033823
2024-02-19,59.11630837412954,-1.5700783331384025,0.4537699590088664
2024-02-20,59.38207413440271,4.38923771073039,-1.7713118451330985
2024-02-21,59.33540238737156,-2.856146789003828,3.520744401632271
2024-02-22,58.93710786307678,4.870294101719536,3.1925980352036802
2024-02-23,58.242681774228295,-3.0104167387509064,0.7677349645226101
2024-02-24,57.576806941963106,1.6093027343260418,0.8138903237108508
2024-02-25,57.10204377479839,-4.079264780685213,-2.0227789941131746
2024-02-26,56.81623473389739,0.3111894794572564,19.872575786645356
2024-02-27,56.873616254975005,4.796805381620744,-4.670421636595748
2024-02-28,57.27632345112884,-2.015147758818734,-4.261175692310104
2024-02-29,58.06482234250832,1.349952552870546,-2.4147748953788692
2024-03-01,59.368164648266436,-3.220890160613077,11.852725512346645
2024-03-02,61.14515698971155,0.45457574946112633,-6.59973273917268
2024-03-03,62.89989024312035,-2.450417672941441,3.550527429821088
2024-03-04,64.32984987566195,2.7340003739960124,-1.0638502496579605
2024-03-05,65.28706873711099,6.008724317801541,4.704206945087478
2024-03-06,65.74093086125288,-1.7239657962473207,6.98303493499445
2024-03-07,65.79757819371999,-3.5160135689216956,1.7184353752017074
2024-03-08,65.48135340989613,-2.0591002700314927,-9.422253139864637
2024-03-09,64.72530132451824,-1.6553337266445063,6.930032402126258
2024-03-10,63.7458840669327,-1.9192114300700822,-0.826672636862618
2024-03-11,62.75845552674329,5.6891772777945775,-0.4476328045378679
2024-03-12,62.081694853972195,6.179297751683775,1.7390073943440285
2024-03-13,61.77403755720204,0.10647289726974496,-6.880510454471789
2024-03-14,61.5735599889805,-5.930541073041184,-2.643018915939315
2024-03-15,61.271134700389304,-2.0564672089161844,-0.21466749147312214
2024-03-16,60.86360913199228,-2.4892185175607073,-0.37439061443156874
2024-03-17,60.51552410740091,-4.040496107274462,6.524971999873557
2024-03-18,60.13173544961283,7.335873110492924,4.532391439894241
2024-03-19,59.650120171297054,6.005318552574507,-15.655438723871562
2024-03-20,59.160566131141685,1.7137976151465686,0.1256362537117468
2024-03-21,58.673983831738674,-4.630601648667645,-8.043382183071031
2024-03-22,58.257936474298724,-1.5010971742913997,8.243160699992679
2024-03-23,58.124507985802346,-3.3896658913481583,-6.734842094454187
2024-03-24,58.396018610758304,-6.33078355712741,-6.065235053630893
2024-03-25,58.965364000118775,6.47219693368602,3.5624390661952035
2024-03-26,59.53241555561885,5.34783623432051,-0.8802517899393578
2024-03-27,59.981012420820605,2.4401204877476332,11.57886709143176
2024-03-28,60.283286698080225,-0.7897852837555348,0.5064985856753097
2024-03-29,60.459425550502374,-1.7561404606413806,-2.703285089860991
2024-03-30,60.438520490377805,-3.895053107156102,6.456532616778297
2024-03-31,60.225966759095655,-8.398165221283547,0.17219846218789314
2024-04-01,59.8197261847286,4.748777827509757,-6.568504012238357
2024-04-02,59.22638540550929,5.871708073106376,1.9019065213843334
2024-04-03,58.6392307606775,3.0168070615484432,-2.65603782222594
2024-04-04,58.147261542006945,2.650600459521256,6.202137998471798
2024-04-05,57.911382706948004,-5.376302763899356,2.4649200569513496
2024-04-06,58.06971532566866,-1.766036291033461,-10.303679034635202
2024-04-07,58.419185980280304,-8.375834006039401,-3.043351974240906
2024-04-08,58.88381193587361,3.2639853380540313,-1.1477972739276439
2024-04-09,59.62918884783168,7.845175343225823,-2.4743641910575036
2024-04-10,60.74785295843632,1.241196593317051,-0.989049551753368
2024-04-11,62.29588508163657,2.7897933795841237,3.914321538779305
2024-04-12,63.90486449148807,-6.725959052231587,-3.178905439256482
2024-04-13,65.07586470669719,0.22570279748367378,1.6984324958191337
2024-04-14,65.81915207900856,-7.676576213661965,3.8574241346533995
2024-04-15,66.28657500435067,3.2151150631202627,1.498309932529068
2024-04-16,66.67070201578768,8.513123610131599,-22.183825625919283
2024-04-17,67.16533263565535,-0.32995310711314807,3.164620471457795
2024-04-18,67.68840976702299,0.540934596979025,-6.229344364002017
2024-04-19,67.93366574809225,-6.306163207014778,-15.627502541077476
2024-04-20,68.05996209290566,2.4411154730220552,1.4989224340722842
2024-04-21,68.33714977827174,-6.293097683837074,-2.0440520944346616
2024-04-22,68.74230895600621,2.70290968285492,4.554781361138865
2024-04-23,68.87448905593519,8.654595257511748,5.47091568655307
2024-04-24,68.31153254538688,-0.973518586870458,-4.338013958516427
2024-04-25,67.03423952982975,-2.8490674101717595,3.8148278803420084
2024-04-26,65.61239524235984,-5.541341917154859,4.928946674795014
2024-04-27,64.20622849110944,4.145175841183047,-25.35140433229249
2024-04-28,62.80565643566751,-4.625665405584206,-1.1799910300833005
2024-04-29,61.56459820752642,1.442447631123635,-5.007045838650058
2024-04-30,60.51354255319401,9.297060791035143,-11.81060334422915
2024-05-01,59.711467079509816,-3.0403811573361157,5.328914077826298
2024-05-02,59.60821843684188,-3.5615827838085647,-4.046635653033313
2024-05-03,60.092418415683696,-2.9944055943506243,-3.0980128213330715
2024-05-04,60.67937797819063,3.9117454024579366,0.4088766193514317
2024-05-05,61.322864438093475,-3.471173499937684,2.148309061844209
2024-05-06,62.04574593406066,-0.07782974054740574,2.032083806486739
2024-05-07,62.83159415121873,9.056218221213813,2.112187627567458
2024-05-08,63.528703296057465,-3.8125249584556617,-2.7161783376018036
2024-05-09,63.87548931362761,-2.6291500104215317,-2.246339303206078
2024-05-10,63.78948641345609,-0.9780497153329766,0.18856330187688997
2024-05-11,63.6088879206173,1.4320579059944227,5.9590541733882745
2024-05-12,63.44040685376777,-4.047768956375847,4.607362102608079
2024-05-13,63.12482467856516,0.953527624043044,-4.078352302608202
2024-05-14,62.62098647937718,8.55456862354207,-19.175555102919247
2024-05-15,61.94795399658338,-3.3798659804940256,-3.568088016089355
2024-05-16,61.19956753791508,-2.167915893836237,6.968348355921158
2024-05-17,60.55214257068276,1.6377443116480228,0.8101131176692178
2024-05-18,60.1180900797236,-1.780887882734087,-6.337202196989516
2024-05-19,59.668112762200735,-5.941563926642583,-0.7265488355581553
2024-05-20,58.88748861628718,3.284353386127388,0.8281579975854356
2024-05-21,57.849007088195535,6.608112707000384,5.542880204804078
2024-05-22,56.78668675443264,-1.7667248774161104,1.9800381229834727
2024-05-23,55.825062782372605,-1.80636389862317,-0.018698883749436845
2024-05-24,54.91273574994873,4.364694221081814,-0.2774299710305428
2024-05-25,53.998978293893664,-4.218570764960767,-2.7804075289328978
2024-05-26,53.32947898362538,-8.056939959050046,-6.27253902457533
2024-05-27,53.1981559034739,5.33668675757194,1.4651573389541568
2024-05-28,53.7484198106965,3.583881053049958,-5.332300863746454
2024-05-29,54.74058291749918,1.394033763738514,-0.134616681237695
2024-05-30,55.75420932335895,-1.64780225557669,-5.106407067782257
2024-05-31,56.560693301409316,5.602765661536274,1.8365410370544097
2024-06-01,57.126953579146736,-5.277924102070017,8.15097052292328
2024-06-02,57.50090395009816,-9.803814965918694,7.302911015820527
2024-06-03,57.59449712878501,5.754915030892935,3.6505878403220606
2024-06-04,57.15965617780358,1.2391758134156485,-3.3988319912192324
2024-06-05,56.159921847007034,3.237784250534281,-0.3977060975413167
2024-06-06,55.113110614708596,-0.8082651692907047,-0.3048454454178895
2024-06-07,54.672194449143696,5.424560575421354,1.9032449754349514
2024-06-08,54.98699347742877,-4.831246002462702,-8.155747474966063
2024-06-09,55.73152312668838,-9.229344554487081,-6.502178572201295
2024-06-10,56.60736809680444,6.503907755627637,-10.11127585243208
2024-06-11,57.46056943982967,-0.803033145509294,4.342463705679627
2024-06-12,58.47289762468125,2.9007046640552883,5.626397711263465
2024-06-13,59.76769415716205,0.6152482183203287,12.61705762451762
2024-06-14,61.00014955393573,5.11487203424901,-4.115021588184739
2024-06-15,61.62194859960273,-5.785782852982836,3.1638342533801023
2024-06-16,61.5920460649973,-8.105679846265808,-0.4863662187314901
2024-06-17,61.234085984996646,7.095120346584616,0.6707936684187388
2024-06-18,60.95035932694987,-2.9579155744166057,4.007556247466731
2024-06-19,60.8228852956005,2.878017233544789,-3.7009025291452886
2024-06-20,60.63063583984846,2.726234243092512,-6.356870082940972
2024-06-21,60.290216132540316,4.563827982779247,2.14595588468044
2024-06-22,59.97910134785275,-6.73634600429794,0.7572446564451951
2024-06-23,59.751250270018026,-7.091800463954066,3.340550193936039
2024-06-24,59.45311058276749,7.828917888132299,1.7179715291002111
2024-06-25,59.07804895141762,-5.151497271580096,-3.926551679837523
2024-06-26,58.66773342771556,2.6219639002880997,0.7103026719963381
2024-06-27,58.23423073609959,4.643582211662985,2.1221870522374218
2024-06-28,57.7828628575001,4.11422371418883,0.10291342831106931
2024-06-29,57.312330353341295,-7.621029192870733,-0.6913011604705588
2024-06-30,56.820953943151494,-5.827284412996367,-0.993669530155131
