specialty,model,block,MAPE,MAE,RMSE,R2,order,params,cv_RMSE,cv_MAPE
Medicine,ARIMA,val,21.37316520344165,8.905672574545559,11.174987116975295,-0.18016876273599047,"(2, 1, 1)",,,
Medicine,ARIMA,test,21.062117347127685,9.991956093372618,12.464814694922033,0.0020625885691961665,"(2, 1, 1)",,,
Medicine,SARIMAX,val,23.042342307159878,9.632584580792093,11.929819986286272,-0.34498621761378456,"(2, 1, 1)x(2, 1, 0, 7)",,,
Medicine,SARIMAX,test,20.478242271440514,10.079716687751372,12.43719862783752,0.0064795940803310526,"(2, 1, 1)x(2, 1, 0, 7)",,,
Medicine,NB-GLM,val,23.579366816853618,9.47126327133426,11.49734371154873,-0.24923770136230083,,,,
Medicine,NB-GLM,test,20.986635129677,10.554049604489661,12.954067194647081,-0.07781430144708024,,,,
Medicine,XGBoost,val,21.608324928432516,8.887406639430834,11.448011084825787,-0.23854028078728517,,"{'n_estimators': 300, 'max_depth': 5, 'learning_rate': 0.01, 'subsample': 1.0}",10.730571217390557,21.189538995453148
Medicine,XGBoost,test,18.86306336975037,9.327759983563665,11.74144600599063,0.11452802260637518,,"{'n_estimators': 300, 'max_depth': 5, 'learning_rate': 0.01, 'subsample': 1.0}",10.730571217390557,21.189538995453148
Medicine,ANN,val,22.491671509960607,8.688303449879522,10.601948241108778,-0.06223696979508797,,"{'hidden_layers': 1, 'units': 64, 'dropout': 0.1, 'learning_rate': 0.0006053383222993595, 'batch_size': 32}",13.209959656602592,30.108089497068153
Medicine,ANN,test,19.098892307318273,9.389614721741339,11.652306508650323,0.12792175825004692,,"{'hidden_layers': 1, 'units': 64, 'dropout': 0.1, 'learning_rate': 0.0006053383222993595, 'batch_size': 32}",13.209959656602592,30.108089497068153
Medicine,LSTM,val,23.410891402954565,9.455094802871395,11.983671795932572,-0.35715629529442317,,"{'lookback': 21, 'units': 64, 'dropout': 0.2, 'learning_rate': 0.008030064871219652, 'batch_size': 32}",11.798990619829373,23.578284528380202
Medicine,LSTM,test,18.87070013802152,9.29846729716469,11.73193205999814,0.11596241484411807,,"{'lookback': 21, 'units': 64, 'dropout': 0.2, 'learning_rate': 0.008030064871219652, 'batch_size': 32}",11.798990619829373,23.578284528380202
Orthopaedics,ARIMA,val,84.54982885570323,3.591499722449083,4.433444662621206,0.41245842210649075,"(3, 1, 3)",,,
Orthopaedics,ARIMA,test,82.17512451674494,3.949406983465034,5.041153175167497,0.4407460838109004,"(3, 1, 3)",,,
Orthopaedics,SARIMAX,val,100.44207578448048,5.136405724627792,6.425052590329381,-0.23398361965958014,"(2, 1, 0)x(2, 1, 0, 7)",,,
Orthopaedics,SARIMAX,test,109.41401372547352,5.249335062785286,6.639575396710332,0.02987016579833368,"(2, 1, 0)x(2, 1, 0, 7)",,,
Orthopaedics,NB-GLM,val,157.05480820399904,5.2355919390953245,6.213380016766171,-0.15401606272951995,,,,
Orthopaedics,NB-GLM,test,150.8264410724311,5.338425192184599,6.326961473371879,0.11907359762444869,,,,
Orthopaedics,XGBoost,val,148.28360463629892,5.39779903318571,6.342301981694888,-0.20240245532512646,,"{'n_estimators': 500, 'max_depth': 8, 'learning_rate': 0.05, 'subsample': 0.85}",6.297343086709378,118.2806566664261
Orthopaedics,XGBoost,test,159.56883431229338,6.195677290661166,7.394603029975014,-0.2033140163180418,,"{'n_estimators': 500, 'max_depth': 8, 'learning_rate': 0.05, 'subsample': 0.85}",6.297343086709378,118.2806566664261
Orthopaedics,ANN,val,162.4619293737072,5.62579735983973,6.557620263319125,-0.28543034870123196,,"{'hidden_layers': 2, 'units': 256, 'dropout': 0.3, 'learning_rate': 0.0007339216231845529, 'batch_size': 64}",6.876151157883659,149.36686144008885
Orthopaedics,ANN,test,180.34190002051665,6.226497766947506,7.30164870121324,-0.17325149178706556,,"{'hidden_layers': 2, 'units': 256, 'dropout': 0.3, 'learning_rate': 0.0007339216231845529, 'batch_size': 64}",6.876151157883659,149.36686144008885
Orthopaedics,LSTM,val,149.8272133243393,5.440132005787682,6.361864293361851,-0.209831318579627,,"{'lookback': 21, 'units': 128, 'dropout': 0.3, 'learning_rate': 0.0020238952437608886, 'batch_size': 32}",6.472231119447851,146.01927161151502
Orthopaedics,LSTM,test,155.5019984009079,5.986529412473616,7.125254862162449,-0.1172492015855755,,"{'lookback': 21, 'units': 128, 'dropout': 0.3, 'learning_rate': 0.0020238952437608886, 'batch_size': 32}",6.472231119447851,146.01927161151502
Surgery,ARIMA,val,59.46337612487329,2.00586842214295,2.958136899810748,-0.11350609098906617,"(3, 1, 2)",,,
Surgery,ARIMA,test,60.61972130248261,1.9037617281918324,2.4661937772238565,-0.019742646734131286,"(3, 1, 2)",,,
Surgery,SARIMAX,val,130.5712726295371,2.7344069418228605,4.015142109141127,-1.0514356633758952,"(2, 1, 0)x(2, 1, 0, 7)",,,
Surgery,SARIMAX,test,87.07303721659304,2.2898189079676996,3.0905697704787403,-0.601449661037275,"(2, 1, 0)x(2, 1, 0, 7)",,,
Surgery,NB-GLM,val,52.251470920643705,1.9419812776072565,2.7758268305998275,0.019515352639302153,,,,
Surgery,NB-GLM,test,55.278409215047496,1.8476004765308585,2.469465093080048,-0.022449743633973007,,,,
Surgery,XGBoost,val,54.2445404245388,1.9433452972696852,2.834480186479865,-0.02235778965281865,,"{'n_estimators': 100, 'max_depth': 3, 'learning_rate': 0.1, 'subsample': 1.0}",2.1494883529320754,69.85770256982909
Surgery,XGBoost,test,65.8267297626341,1.9515383889277775,2.5331769891370794,-0.07588847618051475,,"{'n_estimators': 100, 'max_depth': 3, 'learning_rate': 0.1, 'subsample': 1.0}",2.1494883529320754,69.85770256982909
Surgery,ANN,val,53.570716493571446,2.0088411274811495,2.848475590797481,-0.03247861161764587,,"{'hidden_layers': 2, 'units': 128, 'dropout': 0.3, 'learning_rate': 0.008030064871219652, 'batch_size': 32}",2.164531200827988,75.92771430573765
Surgery,ANN,test,58.58988000741302,1.9015654959160873,2.524446411626289,-0.06848517108293284,,"{'hidden_layers': 2, 'units': 128, 'dropout': 0.3, 'learning_rate': 0.008030064871219652, 'batch_size': 32}",2.164531200827988,75.92771430573765
Surgery,LSTM,val,51.49399422718687,1.9253717825589944,2.8298906365540772,-0.019049695703900138,,"{'lookback': 21, 'units': 128, 'dropout': 0.3, 'learning_rate': 0.0007339216231845529, 'batch_size': 64}",2.021340411517294,62.000247110810605
Surgery,LSTM,test,58.82686376561463,1.8968976484789235,2.4794208901771726,-0.030710497311208007,,"{'lookback': 21, 'units': 128, 'dropout': 0.3, 'learning_rate': 0.0007339216231845529, 'batch_size': 64}",2.021340411517294,62.000247110810605
Paediatrics,ARIMA,val,54.91663026452833,1.414724070607743,1.8218226134481121,-0.03864881656181374,"(0, 1, 2)",,,
Paediatrics,ARIMA,test,53.50198561023662,1.6535993653822842,2.072113658848749,-0.017540701340095888,"(0, 1, 2)",,,
Paediatrics,SARIMAX,val,100.50456891150172,1.9676239753099183,2.5055454974599902,-0.9645411965106272,"(2, 1, 0)x(2, 1, 0, 7)",,,
Paediatrics,SARIMAX,test,85.10068936973451,2.2814458148894983,2.835829114776187,-0.905832623931708,"(2, 1, 0)x(2, 1, 0, 7)",,,
Paediatrics,NB-GLM,val,55.25663946489174,1.4001025320140885,1.789298880731985,-0.0018952882596607878,,,,
Paediatrics,NB-GLM,test,48.57914836452571,1.658407538207998,2.1208373650974806,-0.06595623784488813,,,,
Paediatrics,XGBoost,val,67.9287873669994,1.676266266093792,2.1576855445680674,-0.4569104477313719,,"{'n_estimators': 100, 'max_depth': 6, 'learning_rate': 0.3, 'subsample': 0.7}",1.8478254130018743,55.080495049698015
Paediatrics,XGBoost,test,66.24666973518497,1.9397917476040547,2.419001626962828,-0.3867461340347813,,"{'n_estimators': 100, 'max_depth': 6, 'learning_rate': 0.3, 'subsample': 0.7}",1.8478254130018743,55.080495049698015
Paediatrics,ANN,val,55.01999391671668,1.4238005727529526,1.812850883895208,-0.02844416614620071,,"{'hidden_layers': 2, 'units': 256, 'dropout': 0.2, 'learning_rate': 0.004844677737096722, 'batch_size': 32}",1.9444099952485754,43.4318354845047
Paediatrics,ANN,test,58.82848879473889,1.7295278843605157,2.1802184798950166,-0.1264830876351568,,"{'hidden_layers': 2, 'units': 256, 'dropout': 0.2, 'learning_rate': 0.004844677737096722, 'batch_size': 32}",1.9444099952485754,43.4318354845047
Paediatrics,LSTM,val,58.1158084628907,1.4595228789975812,1.8659090714678177,-0.08952576757173092,,"{'lookback': 14, 'units': 128, 'dropout': 0.2, 'learning_rate': 0.006546838871578803, 'batch_size': 32}",1.8757025601155395,47.24038395991243
Paediatrics,LSTM,test,61.217052338686116,1.7206414974713993,2.1364798825725067,-0.08173842924270813,,"{'lookback': 14, 'units': 128, 'dropout': 0.2, 'learning_rate': 0.006546838871578803, 'batch_size': 32}",1.8757025601155395,47.24038395991243
Gynaecology,ARIMA,val,47.32786042134544,1.1261356994380798,1.480160040670735,-0.017772218945396823,"(0, 1, 3)",,,
Gynaecology,ARIMA,test,46.105216326789495,1.0780919203262744,1.3669983582510286,-0.025058523098368868,"(0, 1, 3)",,,
Gynaecology,SARIMAX,val,65.26725217137943,1.3245991980552778,1.6843013151368154,-0.31787074292086737,"(2, 1, 0)x(2, 1, 0, 7)",,,
Gynaecology,SARIMAX,test,71.56630069003222,1.4451828844611396,1.8598103302968898,-0.8973610739380227,"(2, 1, 0)x(2, 1, 0, 7)",,,
Gynaecology,NB-GLM,val,44.941409424474685,1.1348475011564292,1.5011877012613744,-0.04689526750023565,,,,
Gynaecology,NB-GLM,test,45.0966176645807,1.0599938697888522,1.3462265472613726,0.005856731835113815,,,,
Gynaecology,XGBoost,val,46.95197607736168,1.127800507713919,1.4864941908208191,-0.0265017020084235,,"{'n_estimators': 300, 'max_depth': 5, 'learning_rate': 0.01, 'subsample': 1.0}",1.1531789424514296,47.43458284272088
Gynaecology,XGBoost,test,49.477824574075925,1.0979678778335302,1.3835287854681706,-0.04999945565471586,,"{'n_estimators': 300, 'max_depth': 5, 'learning_rate': 0.01, 'subsample': 1.0}",1.1531789424514296,47.43458284272088
Gynaecology,ANN,val,46.32755101923102,1.1240320659202079,1.4908577044486884,-0.03253701427034983,,"{'hidden_layers': 2, 'units': 128, 'dropout': 0.1, 'learning_rate': 0.007260179744876617, 'batch_size': 64}",1.0645661016552022,41.74924931261275
Gynaecology,ANN,test,54.13611538653369,1.1410149594750068,1.4052017202315157,-0.08315353299373585,,"{'hidden_layers': 2, 'units': 128, 'dropout': 0.1, 'learning_rate': 0.007260179744876617, 'batch_size': 64}",1.0645661016552022,41.74924931261275
Gynaecology,LSTM,val,47.046726821577586,1.1497972035400528,1.5156965446381685,-0.06722935466092017,,"{'lookback': 21, 'units': 128, 'dropout': 0.3, 'learning_rate': 0.0007339216231845529, 'batch_size': 64}",1.1068225698526937,40.73004860252445
Gynaecology,LSTM,test,49.642755976129074,1.0826103772075226,1.3700647497826441,-0.029662414734723752,,"{'lookback': 21, 'units': 128, 'dropout': 0.3, 'learning_rate': 0.0007339216231845529, 'batch_size': 64}",1.1068225698526937,40.73004860252445
