specialty,model,trial,n_estimators,max_depth,learning_rate,subsample,cv_RMSE,cv_MAPE,cv_MAE,cv_R2,time_s,hidden_layers,units,dropout,batch_size,lookback
Medicine,XGBoost,5,300.0,5.0,0.01,1.0,10.730571217390557,21.189538995453148,9.090885489327567,-0.4070128809831469,3.8,,,,,
Medicine,XGBoost,9,500.0,8.0,0.05,0.85,10.936030722569374,21.109692792258176,9.21134305681501,-0.41500025304790944,14.7,,,,,
Medicine,XGBoost,6,500.0,6.0,0.05,1.0,10.982852601218317,21.05848058726514,9.180178397042411,-0.4773064608165235,7.9,,,,,
Medicine,XGBoost,3,300.0,8.0,0.1,1.0,11.095157629098201,21.516589838471358,9.290763528006417,-0.4605522501967633,12.4,,,,,
Medicine,XGBoost,0,100.0,8.0,0.1,0.85,11.102818493205906,21.539367914927475,9.57368632725307,-0.43491855934167567,5.6,,,,,
Medicine,XGBoost,7,300.0,5.0,0.05,0.7,11.181496944218381,21.994145291472268,9.588881247384208,-0.5488486246008936,3.8,,,,,
Medicine,XGBoost,8,100.0,6.0,0.3,0.7,11.48697601850556,23.636646209005516,10.224942343575615,-0.6152786169461514,1.6,,,,,
Medicine,XGBoost,1,200.0,8.0,0.01,1.0,11.54840663888802,22.981726461657438,9.797440120152066,-0.5245832483671282,11.6,,,,,
Medicine,XGBoost,2,100.0,3.0,0.1,1.0,11.589645391098959,22.745317540533154,9.730904170445033,-0.6799539979371545,0.8,,,,,
Medicine,XGBoost,4,300.0,3.0,0.3,0.85,13.308163130920466,25.066734962184253,11.25794209071568,-0.994719289682825,3.4,,,,,
Medicine,ANN,5,,,0.0006053383222993595,,13.209959656602592,30.108089497068153,11.492182050432477,-1.4543387624492832,3.2,1.0,64.0,0.1,32.0,
Medicine,ANN,2,,,0.0007339216231845529,,13.834427908448024,31.573248571752753,12.010451725551059,-1.7546298592871317,3.0,2.0,256.0,0.3,64.0,
Medicine,ANN,6,,,0.004844677737096722,,14.69114959585815,33.11540118604384,12.658398437499999,-1.9289227039505086,5.2,2.0,256.0,0.2,32.0,
Medicine,ANN,9,,,0.0038693425662390908,,14.728286931954864,32.220774216298395,12.206917463030134,-2.337745641379526,5.0,1.0,64.0,0.3,16.0,
Medicine,ANN,4,,,0.0018874053315616273,,15.293293933599301,33.68173139295811,12.877350289481026,-2.3859456736880036,2.8,2.0,192.0,0.2,64.0,
Medicine,ANN,7,,,0.007260179744876617,,15.91921582342897,35.7293114271001,13.003998129708426,-3.0114008739805667,2.7,2.0,128.0,0.1,64.0,
Medicine,ANN,8,,,0.0020238952437608886,,16.39101944441675,36.45230407290221,13.785897173200334,-3.3421841278251385,8.4,2.0,256.0,0.4,16.0,
Medicine,ANN,3,,,0.008030064871219652,,16.73416001613221,37.3169804518115,13.976108006068637,-3.456649914407295,3.4,2.0,128.0,0.3,32.0,
Medicine,ANN,0,,,0.006546838871578803,,17.12379693651905,37.53055692166898,14.457011086600167,-3.1772236391508653,16.5,1.0,256.0,0.3,32.0,
Medicine,ANN,1,,,0.009295739575551345,,17.80280726507263,41.36347242272388,15.591996111188617,-3.4949536466993423,6.5,1.0,192.0,0.1,16.0,
Medicine,LSTM,3,,,0.008030064871219652,,11.798990619829373,23.578284528380202,10.131925576266141,-0.7437182283674847,9.4,,64.0,0.2,32.0,21.0
Medicine,LSTM,6,,,0.004844677737096722,,12.929358636930733,28.043703684616496,11.315956405843625,-1.1301695280442878,10.5,,128.0,0.1,64.0,21.0
Medicine,LSTM,8,,,0.0020238952437608886,,12.961425980079175,27.810871664757805,11.61840163557093,-1.2292791371457565,15.9,,128.0,0.3,32.0,21.0
Medicine,LSTM,4,,,0.0018874053315616273,,13.433900109293234,29.22764814648027,11.536025889204467,-1.192696323840655,12.4,,128.0,0.2,64.0,21.0
Medicine,LSTM,9,,,0.0038693425662390908,,13.591293094424566,29.01829422277113,11.603023503841104,-1.5110358095056085,7.8,,64.0,0.2,32.0,14.0
Medicine,LSTM,2,,,0.0007339216231845529,,13.784205025008564,30.758714668755466,11.953108464857085,-1.228661547100618,9.3,,128.0,0.3,64.0,21.0
Medicine,LSTM,7,,,0.007260179744876617,,14.364736277016917,31.347801821444175,12.653396673892814,-1.8874277753414492,7.2,,64.0,0.1,64.0,21.0
Medicine,LSTM,5,,,0.0006053383222993595,,14.613537529423633,33.27560734435367,12.79535413429532,-1.4779549604388227,5.0,,64.0,0.1,64.0,14.0
Medicine,LSTM,1,,,0.009295739575551345,,14.614273925895082,28.343434540440324,12.026236007160556,-2.620186428695789,20.2,,128.0,0.1,32.0,14.0
Medicine,LSTM,0,,,0.006546838871578803,,16.525803827170687,36.84205232186587,15.052548384990327,-4.627049119090909,18.6,,128.0,0.2,32.0,14.0
Orthopaedics,XGBoost,9,500.0,8.0,0.05,0.85,6.297343086709378,118.2806566664261,5.326622554234096,-0.2788470026647638,15.4,,,,,
Orthopaedics,XGBoost,3,300.0,8.0,0.1,1.0,6.464335114242921,121.18640283972931,5.484136159079417,-0.36220097255154127,7.9,,,,,
Orthopaedics,XGBoost,7,300.0,5.0,0.05,0.7,6.469079197479374,125.23614090191468,5.43030037198748,-0.35808123302816824,3.7,,,,,
Orthopaedics,XGBoost,0,100.0,8.0,0.1,0.85,6.485331882653659,120.10244065480302,5.50678664616176,-0.3780275117876748,3.7,,,,,
Orthopaedics,XGBoost,1,200.0,8.0,0.01,1.0,6.512907346643478,128.01416147815695,5.51633494240897,-0.3972505339078204,9.7,,,,,
Orthopaedics,XGBoost,6,500.0,6.0,0.05,1.0,6.532318350715066,127.07365206644936,5.499657658168247,-0.38813870884664337,7.9,,,,,
Orthopaedics,XGBoost,5,300.0,5.0,0.01,1.0,6.708126143664414,136.76583167125094,5.773523930140904,-0.5333986300272088,3.8,,,,,
Orthopaedics,XGBoost,8,100.0,6.0,0.3,0.7,6.741072654023864,132.18228248294116,5.629740796770369,-0.4976446813388978,1.9,,,,,
Orthopaedics,XGBoost,2,100.0,3.0,0.1,1.0,6.774493828443923,138.6943741167015,5.925205271584647,-0.5444566636507475,0.8,,,,,
Orthopaedics,XGBoost,4,300.0,3.0,0.3,0.85,6.780001071624395,131.4986588475112,5.832795592716762,-0.5205241329907915,2.0,,,,,
Orthopaedics,ANN,2,,,0.0007339216231845529,,6.876151157883659,149.36686144008885,5.9718172618321015,-0.658440188507258,3.3,2.0,256.0,0.3,64.0,
Orthopaedics,ANN,5,,,0.0006053383222993595,,7.0624412973334305,149.70072677868822,6.115723691667829,-0.7459296458932541,4.5,1.0,64.0,0.1,32.0,
Orthopaedics,ANN,3,,,0.008030064871219652,,7.072786827500318,161.72253707599887,6.198919514247349,-0.8464299894702003,5.2,2.0,128.0,0.3,32.0,
Orthopaedics,ANN,9,,,0.0038693425662390908,,7.100396332270819,159.3049473496122,6.1325557436261855,-0.8417433362112368,4.8,1.0,64.0,0.3,16.0,
Orthopaedics,ANN,7,,,0.007260179744876617,,7.114256871872049,161.04925855287607,6.2604718617030555,-0.8385140519101307,2.1,2.0,128.0,0.1,64.0,
Orthopaedics,ANN,6,,,0.004844677737096722,,7.16224822476631,160.53443123909952,6.214255060468401,-0.8433866909020944,4.4,2.0,256.0,0.2,32.0,
Orthopaedics,ANN,4,,,0.0018874053315616273,,7.18906193773797,164.77925573999988,6.227464185442244,-0.8883970309719299,3.0,2.0,192.0,0.2,64.0,
Orthopaedics,ANN,1,,,0.009295739575551345,,7.413729421156475,167.64477255799676,6.454321588788714,-0.9868969794431608,7.7,1.0,192.0,0.1,16.0,
Orthopaedics,ANN,8,,,0.0020238952437608886,,7.558032468568579,171.10660937610777,6.664305877685547,-1.0584446169150141,8.1,2.0,256.0,0.4,16.0,
Orthopaedics,ANN,0,,,0.006546838871578803,,7.603146076047158,173.00500625052163,6.669438035147531,-1.0826853993355852,3.8,1.0,256.0,0.3,32.0,
Orthopaedics,LSTM,8,,,0.0020238952437608886,,6.472231119447851,146.01927161151502,5.736391936082943,-0.5107410011262771,22.1,,128.0,0.3,32.0,21.0
Orthopaedics,LSTM,4,,,0.0018874053315616273,,6.520584617891774,144.16327792775428,5.751949832652215,-0.5100250760646828,8.2,,128.0,0.2,64.0,21.0
Orthopaedics,LSTM,5,,,0.0006053383222993595,,6.720981921522967,142.46880583143889,5.905661522199525,-0.5857768758069157,8.0,,64.0,0.1,64.0,14.0
Orthopaedics,LSTM,2,,,0.0007339216231845529,,6.73259021338982,141.38758349452274,5.880790710151583,-0.558515201441702,9.1,,128.0,0.3,64.0,21.0
Orthopaedics,LSTM,7,,,0.007260179744876617,,6.739293439622664,152.95445339680404,5.960986134268074,-0.6482013489519789,8.4,,64.0,0.1,64.0,21.0
Orthopaedics,LSTM,6,,,0.004844677737096722,,6.779284549470529,149.3742048634062,5.87813468159319,-0.6415014308081274,27.4,,128.0,0.1,64.0,21.0
Orthopaedics,LSTM,9,,,0.0038693425662390908,,6.934909590656692,151.92602806430236,5.975597740121897,-0.7398549396607557,11.3,,64.0,0.2,32.0,14.0
Orthopaedics,LSTM,0,,,0.006546838871578803,,6.959998829757225,157.774048756696,6.006094952809217,-0.7531289697708997,15.6,,128.0,0.2,32.0,14.0
Orthopaedics,LSTM,1,,,0.009295739575551345,,7.353093826856157,157.5185199829872,6.25198679430769,-1.0751038480289314,10.0,,128.0,0.1,32.0,14.0
Orthopaedics,LSTM,3,,,0.008030064871219652,,7.418706549334384,172.80177908851573,6.407811027964608,-1.0595874439096513,10.0,,64.0,0.2,32.0,21.0
Surgery,XGBoost,2,100.0,3.0,0.1,1.0,2.1494883529320754,69.85770256982909,1.8659344860485625,,1.7,,,,,
Surgery,XGBoost,5,300.0,5.0,0.01,1.0,2.153554125969811,57.64289300498508,1.8121231504849025,,7.2,,,,,
Surgery,XGBoost,1,200.0,8.0,0.01,1.0,2.18434096511113,63.06036044290615,1.8916236332484655,,16.9,,,,,
Surgery,XGBoost,9,500.0,8.0,0.05,0.85,2.3069729661164917,83.12804985235609,2.01641366311482,,27.2,,,,,
Surgery,XGBoost,3,300.0,8.0,0.1,1.0,2.307241064452574,57.40751243051556,1.9800510721547262,,14.7,,,,,
Surgery,XGBoost,6,500.0,6.0,0.05,1.0,2.4261459255307023,54.20147814329654,1.960712357929775,,15.4,,,,,
Surgery,XGBoost,0,100.0,8.0,0.1,0.85,2.4281031291655166,78.70796329114172,2.0572347751685554,,12.5,,,,,
Surgery,XGBoost,7,300.0,5.0,0.05,0.7,2.573379163117396,82.1352598528777,2.2171166794640675,,9.3,,,,,
Surgery,XGBoost,4,300.0,3.0,0.3,0.85,2.8786806751399565,107.72610028457665,2.344231768591063,,4.4,,,,,
Surgery,XGBoost,8,100.0,6.0,0.3,0.7,2.8908469926892657,94.28416466961303,2.2604081204959323,,3.1,,,,,
Surgery,ANN,3,,,0.008030064871219652,,2.164531200827988,75.92771430573765,1.9206812756402152,,4.3,2.0,128.0,0.3,32.0,
Surgery,ANN,0,,,0.006546838871578803,,2.1757204032701276,100.21433527365564,1.9285590171813964,,6.4,1.0,256.0,0.3,32.0,
Surgery,ANN,6,,,0.004844677737096722,,2.2114481801522197,80.87701006612133,1.9572543484824045,,5.2,2.0,256.0,0.2,32.0,
Surgery,ANN,1,,,0.009295739575551345,,2.2141452063986997,95.17449327475495,1.9333449125289917,,7.8,1.0,192.0,0.1,16.0,
Surgery,ANN,2,,,0.0007339216231845529,,2.216268184215665,68.9864371171783,1.942900017329625,,4.1,2.0,256.0,0.3,64.0,
Surgery,ANN,5,,,0.0006053383222993595,,2.2177147508178336,71.14182208123661,1.973765775135585,,4.4,1.0,64.0,0.1,32.0,
Surgery,ANN,7,,,0.007260179744876617,,2.2420876428961227,84.17041374033406,1.9600162982940674,,2.5,2.0,128.0,0.1,64.0,
Surgery,ANN,4,,,0.0018874053315616273,,2.255438803057963,94.9881408831903,1.9988794871738982,,3.4,2.0,192.0,0.2,64.0,
Surgery,ANN,8,,,0.0020238952437608886,,2.3266149570358508,89.38363590682783,2.0618638822010587,,10.8,2.0,256.0,0.4,16.0,
Surgery,ANN,9,,,0.0038693425662390908,,2.3377690097852466,98.67589061234204,2.0481455768857684,,6.3,1.0,64.0,0.3,16.0,
Surgery,LSTM,2,,,0.0007339216231845529,,2.021340411517294,62.000247110810605,1.741828434650877,,11.5,,128.0,0.3,64.0,21.0
Surgery,LSTM,3,,,0.008030064871219652,,2.03765793778921,59.92128667506936,1.7290666487545512,,7.6,,64.0,0.2,32.0,21.0
Surgery,LSTM,7,,,0.007260179744876617,,2.1165823432401223,65.54904519862998,1.8073241175509214,,4.7,,64.0,0.1,64.0,21.0
Surgery,LSTM,6,,,0.004844677737096722,,2.134354747604082,74.993720473964,1.823697355993787,,7.9,,128.0,0.1,64.0,21.0
Surgery,LSTM,8,,,0.0020238952437608886,,2.152626000611284,73.76919576791778,1.7957981311924633,,14.0,,128.0,0.3,32.0,21.0
Surgery,LSTM,9,,,0.0038693425662390908,,2.172953364641753,69.51846806090515,1.7822312853379096,,8.6,,64.0,0.2,32.0,14.0
Surgery,LSTM,5,,,0.0006053383222993595,,2.2222657869967435,68.96055566880612,1.943346357608315,,3.4,,64.0,0.1,64.0,14.0
Surgery,LSTM,0,,,0.006546838871578803,,2.2612411991817867,61.44347075839541,1.7934188994711984,,18.0,,128.0,0.2,32.0,14.0
Surgery,LSTM,4,,,0.0018874053315616273,,2.279063192951826,82.18357891668875,1.8430847835848208,,12.4,,128.0,0.2,64.0,21.0
Surgery,LSTM,1,,,0.009295739575551345,,2.6185407438310726,61.68210235858611,2.038898251245768,,11.6,,128.0,0.1,32.0,14.0
Paediatrics,XGBoost,8,100.0,6.0,0.3,0.7,1.8478254130018743,55.080495049698015,1.4785174267632621,-0.40509370631656605,1.5,,,,,
Paediatrics,XGBoost,4,300.0,3.0,0.3,0.85,1.855793406116262,63.20200503454322,1.5824993097888571,-0.4292637285798514,1.8,,,,,
Paediatrics,XGBoost,2,100.0,3.0,0.1,1.0,1.884958670374047,47.291993555284684,1.5354431731360298,-0.6005831046591421,1.0,,,,,
Paediatrics,XGBoost,5,300.0,5.0,0.01,1.0,1.8974196980122735,42.70989156109946,1.5278699023383004,-0.5767570823798496,3.2,,,,,
Paediatrics,XGBoost,6,500.0,6.0,0.05,1.0,1.9224189453151665,53.19662532465799,1.6056733114378794,-0.4985011261006657,7.2,,,,,
Paediatrics,XGBoost,1,200.0,8.0,0.01,1.0,1.9591992585101792,48.62370567605609,1.5998539039066861,-0.6719695283303164,10.6,,,,,
Paediatrics,XGBoost,3,300.0,8.0,0.1,1.0,1.9694420122315062,51.90808683974402,1.6061506390571594,-0.6941540794177292,6.7,,,,,
Paediatrics,XGBoost,9,500.0,8.0,0.05,0.85,2.017216776267832,53.336755732979086,1.674682308946337,-0.7103181333194927,13.0,,,,,
Paediatrics,XGBoost,0,100.0,8.0,0.1,0.85,2.018727934926409,58.87531749407451,1.7074777483940125,-0.9314551827641961,6.2,,,,,
Paediatrics,XGBoost,7,300.0,5.0,0.05,0.7,2.0366390197852406,48.070637005283714,1.6308470674923488,-0.8391936642529849,3.7,,,,,
Paediatrics,ANN,6,,,0.004844677737096722,,1.9444099952485754,43.4318354845047,1.5720133474894933,-0.7863175587336151,10.6,2.0,256.0,0.2,32.0,
Paediatrics,ANN,8,,,0.0020238952437608886,,1.9550287359544565,45.69483401576677,1.5612588848386493,-0.8460769915851272,12.1,2.0,256.0,0.4,16.0,
Paediatrics,ANN,7,,,0.007260179744876617,,1.9597059898065132,52.15874101973715,1.664076794896807,-0.7809013077888097,3.5,2.0,128.0,0.1,64.0,
Paediatrics,ANN,2,,,0.0007339216231845529,,1.967370537145778,44.05061137733005,1.5773627723966326,-0.7360560099715832,3.0,2.0,256.0,0.3,64.0,
Paediatrics,ANN,3,,,0.008030064871219652,,1.9801104408758683,46.64696388329778,1.6168550218854634,-0.8291098761228461,4.7,2.0,128.0,0.3,32.0,
Paediatrics,ANN,4,,,0.0018874053315616273,,1.994333501450655,48.952352914356055,1.6303840126310079,-0.727833035736204,2.8,2.0,192.0,0.2,64.0,
Paediatrics,ANN,5,,,0.0006053383222993595,,2.0139931246213267,42.69490183818908,1.5846446003232684,-0.7377430725682547,4.0,1.0,64.0,0.1,32.0,
Paediatrics,ANN,0,,,0.006546838871578803,,2.0909414382173255,63.9289646537531,1.782186324255807,-0.895552244535985,6.5,1.0,256.0,0.3,32.0,
Paediatrics,ANN,9,,,0.0038693425662390908,,2.106509189079814,49.376923935753965,1.7321454524993896,-1.0222868517728352,8.4,1.0,64.0,0.3,16.0,
Paediatrics,ANN,1,,,0.009295739575551345,,2.1573478533233894,55.55443731915383,1.849420492989676,-1.155858201917768,6.9,1.0,192.0,0.1,16.0,
Paediatrics,LSTM,0,,,0.006546838871578803,,1.8757025601155395,47.24038395991243,1.5141132673817141,-0.5173047375107613,16.5,,128.0,0.2,32.0,14.0
Paediatrics,LSTM,1,,,0.009295739575551345,,1.9125910908855708,60.537604499550014,1.6462250287565605,-0.5096046519044583,12.2,,128.0,0.1,32.0,14.0
Paediatrics,LSTM,9,,,0.0038693425662390908,,1.9158704689669075,42.72081099150811,1.52229185669894,-0.4967036675955576,7.1,,64.0,0.2,32.0,14.0
Paediatrics,LSTM,6,,,0.004844677737096722,,1.9470452510281118,41.668112110394645,1.540872184752529,-0.6085238631966814,8.7,,128.0,0.1,64.0,21.0
Paediatrics,LSTM,5,,,0.0006053383222993595,,1.952039949561924,40.230100046867406,1.5609856126601234,-0.7107645833062057,3.5,,64.0,0.1,64.0,14.0
Paediatrics,LSTM,7,,,0.007260179744876617,,1.963243438020379,47.57378481435052,1.5977249978219874,-0.5685304561352075,5.0,,64.0,0.1,64.0,21.0
Paediatrics,LSTM,3,,,0.008030064871219652,,1.9643845307168502,51.15789123520206,1.559176139066207,-0.6566255961810388,8.9,,64.0,0.2,32.0,21.0
Paediatrics,LSTM,8,,,0.0020238952437608886,,1.9713075163694096,45.11005443600139,1.5758902259852352,-0.641490311343202,13.0,,128.0,0.3,32.0,21.0
Paediatrics,LSTM,2,,,0.0007339216231845529,,1.987335349437247,42.339870547876195,1.5812862658628517,-0.6709350469166895,15.0,,128.0,0.3,64.0,21.0
Paediatrics,LSTM,4,,,0.0018874053315616273,,1.9927588244673475,44.578469082791,1.5843511951408051,-0.6718933445521124,11.5,,128.0,0.2,64.0,21.0
Gynaecology,XGBoost,5,300.0,5.0,0.01,1.0,1.1531789424514296,47.43458284272088,0.9727568387985229,-0.4137879736316667,3.6,,,,,
Gynaecology,XGBoost,8,100.0,6.0,0.3,0.7,1.1670449714992042,47.01341981357997,0.9455141812562943,-0.5130193596305316,1.6,,,,,
Gynaecology,XGBoost,6,500.0,6.0,0.05,1.0,1.1752226994455248,52.60580542021328,0.9791443535259792,-0.520859578760729,7.5,,,,,
Gynaecology,XGBoost,0,100.0,8.0,0.1,0.85,1.18643507383536,47.4629892706871,0.9665368556976318,-0.4827000562038684,13.0,,,,,
Gynaecology,XGBoost,2,100.0,3.0,0.1,1.0,1.1924707004132462,47.72370424204403,1.0018388867378234,-0.4927361609425887,0.7,,,,,
Gynaecology,XGBoost,1,200.0,8.0,0.01,1.0,1.2360821389454304,48.10335489445262,1.0146406957081386,-0.5912292156605912,9.5,,,,,
Gynaecology,XGBoost,3,300.0,8.0,0.1,1.0,1.262784001382949,50.81307425432735,1.0304494040352958,-0.885582899372195,7.8,,,,,
Gynaecology,XGBoost,7,300.0,5.0,0.05,0.7,1.2767705189429752,54.00674401389229,1.0338074875729424,-0.7497546021863991,3.8,,,,,
Gynaecology,XGBoost,9,500.0,8.0,0.05,0.85,1.3219194825165559,57.152472340398354,1.0926676937511988,-0.8489227147172389,13.7,,,,,
Gynaecology,XGBoost,4,300.0,3.0,0.3,0.85,1.4529297420957028,69.42748280366263,1.2130893724305287,-1.2977398492314176,2.0,,,,,
Gynaecology,ANN,7,,,0.007260179744876617,,1.0645661016552022,41.74924931261275,0.9222762414387295,-0.17855257208404923,2.1,2.0,128.0,0.1,64.0,
Gynaecology,ANN,9,,,0.0038693425662390908,,1.0847411964527545,38.070557713508606,0.8997003419058665,-0.22437618804886603,5.1,1.0,64.0,0.3,16.0,
Gynaecology,ANN,5,,,0.0006053383222993595,,1.1149425334176188,37.06184836228688,0.9143127509525844,-0.2988549950387587,3.0,1.0,64.0,0.1,32.0,
Gynaecology,ANN,4,,,0.0018874053315616273,,1.1216659727121336,40.34450753529866,0.9370672123772759,-0.3174540973175778,2.7,2.0,192.0,0.2,64.0,
Gynaecology,ANN,2,,,0.0007339216231845529,,1.1306406212408777,40.8202701277203,0.9482849666050501,-0.32375832070740396,3.5,2.0,256.0,0.3,64.0,
Gynaecology,ANN,6,,,0.004844677737096722,,1.1424699158018847,43.83310580915875,0.9652242694582258,-0.39718807193779826,4.0,2.0,256.0,0.2,32.0,
Gynaecology,ANN,8,,,0.0020238952437608886,,1.14761775293054,39.24563629097408,0.9404562575476509,-0.38270584944953245,8.7,2.0,256.0,0.4,16.0,
Gynaecology,ANN,3,,,0.008030064871219652,,1.1487443777917243,43.79688388109207,0.9674971852983747,-0.3587524935985166,5.4,2.0,128.0,0.3,32.0,
Gynaecology,ANN,0,,,0.006546838871578803,,1.1586944947457416,43.326307932535805,0.9605809535299029,-0.37956308321901816,4.3,1.0,256.0,0.3,32.0,
Gynaecology,ANN,1,,,0.009295739575551345,,1.1594067746335779,44.182229141394295,0.9712873390742711,-0.4383452593031561,6.1,1.0,192.0,0.1,16.0,
Gynaecology,LSTM,2,,,0.0007339216231845529,,1.1068225698526937,40.73004860252445,0.935783263689569,-0.27639477085327735,12.9,,128.0,0.3,64.0,21.0
Gynaecology,LSTM,1,,,0.009295739575551345,,1.1108381907425506,46.496941332047925,0.9619715027841661,-0.2765076700556184,9.9,,128.0,0.1,32.0,14.0
Gynaecology,LSTM,9,,,0.0038693425662390908,,1.1273415223451178,40.82271968912721,0.9473712994474219,-0.3053612491515498,7.9,,64.0,0.2,32.0,14.0
Gynaecology,LSTM,6,,,0.004844677737096722,,1.1275955787951046,45.17001371502355,0.9697373636206009,-0.30515987176252624,10.1,,128.0,0.1,64.0,21.0
Gynaecology,LSTM,4,,,0.0018874053315616273,,1.1394473585553293,41.92155704793718,0.960002445138436,-0.3429516419542562,12.6,,128.0,0.2,64.0,21.0
Gynaecology,LSTM,5,,,0.0006053383222993595,,1.1482020888789752,42.99164136726092,0.9721931082009524,-0.37392138293738036,3.5,,64.0,0.1,64.0,14.0
Gynaecology,LSTM,3,,,0.008030064871219652,,1.164114727230513,44.62762204002204,0.9741549176497925,-0.46157153160321174,7.2,,64.0,0.2,32.0,21.0
Gynaecology,LSTM,7,,,0.007260179744876617,,1.1848972996502924,47.53755345787451,1.0203039880478022,-0.42978822757532703,5.5,,64.0,0.1,64.0,21.0
Gynaecology,LSTM,8,,,0.0020238952437608886,,1.1879295370052907,45.94806275030146,1.012869008536598,-0.4636623893273325,16.7,,128.0,0.3,32.0,21.0
Gynaecology,LSTM,0,,,0.006546838871578803,,1.3026381745164093,45.76442203501332,1.0736549525861583,-0.942324293007345,18.5,,128.0,0.2,32.0,14.0
